ISO-10303-21;
HEADER;
/* Generated by software containing ST-Developer
 * from STEP Tools, Inc. (www.steptools.com) 
 */
/* OPTION: using custom renumber hook */

FILE_DESCRIPTION(
/* description */ ('STEP AP242 Edition 2',
'CAx-IF Rec.Pracs.---Representation and Presentation of Product Manufa
cturing Information (PMI)---4.0---2014-10-13',
'CAx-IF Rec.Pracs.---3D Tessellated Geometry---0.4---2014-09-14','2;1',
'CAx-IF Rec.Pracs.---User Defined Attributes---1.5---2016-08-15'),
/* implementation_level */ '2;1');

FILE_NAME(
/* name */ 'Case - Bottom case',
/* time_stamp */ '2026-09-24T16:23:32Z',
/* author */ (''),
/* organization */ (''),
/* preprocessor_version */ 'ST-DEVELOPER v20',
/* originating_system */ 'ONSHAPE BY PTC INC, 1.221',
/* authorisation */ '  ');

FILE_SCHEMA (('AP242_MANAGED_MODEL_BASED_3D_ENGINEERING_MIM_LF { 1 0 10303 442 3 1 4 }'));
ENDSEC;

DATA;
#10=SHAPE_REPRESENTATION_RELATIONSHIP('','',#1738,#11);
#11=ADVANCED_BREP_SHAPE_REPRESENTATION('',(#1736),#2874);
#12=LINE('',#2180,#205);
#13=LINE('',#2183,#206);
#14=LINE('',#2185,#207);
#15=LINE('',#2187,#208);
#16=LINE('',#2192,#209);
#17=LINE('',#2195,#210);
#18=LINE('',#2197,#211);
#19=LINE('',#2199,#212);
#20=LINE('',#2204,#213);
#21=LINE('',#2207,#214);
#22=LINE('',#2209,#215);
#23=LINE('',#2211,#216);
#24=LINE('',#2213,#217);
#25=LINE('',#2215,#218);
#26=LINE('',#2217,#219);
#27=LINE('',#2219,#220);
#28=LINE('',#2220,#221);
#29=LINE('',#2223,#222);
#30=LINE('',#2225,#223);
#31=LINE('',#2227,#224);
#32=LINE('',#2232,#225);
#33=LINE('',#2234,#226);
#34=LINE('',#2236,#227);
#35=LINE('',#2238,#228);
#36=LINE('',#2240,#229);
#37=LINE('',#2241,#230);
#38=LINE('',#2243,#231);
#39=LINE('',#2245,#232);
#40=LINE('',#2247,#233);
#41=LINE('',#2249,#234);
#42=LINE('',#2250,#235);
#43=LINE('',#2253,#236);
#44=LINE('',#2255,#237);
#45=LINE('',#2257,#238);
#46=LINE('',#2262,#239);
#47=LINE('',#2265,#240);
#48=LINE('',#2267,#241);
#49=LINE('',#2269,#242);
#50=LINE('',#2270,#243);
#51=LINE('',#2273,#244);
#52=LINE('',#2275,#245);
#53=LINE('',#2277,#246);
#54=LINE('',#2278,#247);
#55=LINE('',#2281,#248);
#56=LINE('',#2283,#249);
#57=LINE('',#2285,#250);
#58=LINE('',#2287,#251);
#59=LINE('',#2289,#252);
#60=LINE('',#2291,#253);
#61=LINE('',#2292,#254);
#62=LINE('',#2294,#255);
#63=LINE('',#2296,#256);
#64=LINE('',#2298,#257);
#65=LINE('',#2300,#258);
#66=LINE('',#2302,#259);
#67=LINE('',#2307,#260);
#68=LINE('',#2310,#261);
#69=LINE('',#2312,#262);
#70=LINE('',#2314,#263);
#71=LINE('',#2315,#264);
#72=LINE('',#2317,#265);
#73=LINE('',#2319,#266);
#74=LINE('',#2320,#267);
#75=LINE('',#2323,#268);
#76=LINE('',#2325,#269);
#77=LINE('',#2327,#270);
#78=LINE('',#2328,#271);
#79=LINE('',#2331,#272);
#80=LINE('',#2333,#273);
#81=LINE('',#2335,#274);
#82=LINE('',#2340,#275);
#83=LINE('',#2343,#276);
#84=LINE('',#2345,#277);
#85=LINE('',#2347,#278);
#86=LINE('',#2349,#279);
#87=LINE('',#2351,#280);
#88=LINE('',#2357,#281);
#89=LINE('',#2358,#282);
#90=LINE('',#2366,#283);
#91=LINE('',#2368,#284);
#92=LINE('',#2370,#285);
#93=LINE('',#2372,#286);
#94=LINE('',#2374,#287);
#95=LINE('',#2376,#288);
#96=LINE('',#2378,#289);
#97=LINE('',#2380,#290);
#98=LINE('',#2381,#291);
#99=LINE('',#2387,#292);
#100=LINE('',#2389,#293);
#101=LINE('',#2391,#294);
#102=LINE('',#2393,#295);
#103=LINE('',#2395,#296);
#104=LINE('',#2397,#297);
#105=LINE('',#2399,#298);
#106=LINE('',#2401,#299);
#107=LINE('',#2403,#300);
#108=LINE('',#2405,#301);
#109=LINE('',#2407,#302);
#110=LINE('',#2409,#303);
#111=LINE('',#2410,#304);
#112=LINE('',#2411,#305);
#113=LINE('',#2412,#306);
#114=LINE('',#2414,#307);
#115=LINE('',#2419,#308);
#116=LINE('',#2421,#309);
#117=LINE('',#2422,#310);
#118=LINE('',#2423,#311);
#119=LINE('',#2425,#312);
#120=LINE('',#2427,#313);
#121=LINE('',#2432,#314);
#122=LINE('',#2435,#315);
#123=LINE('',#2436,#316);
#124=LINE('',#2441,#317);
#125=LINE('',#2444,#318);
#126=LINE('',#2446,#319);
#127=LINE('',#2448,#320);
#128=LINE('',#2449,#321);
#129=LINE('',#2454,#322);
#130=LINE('',#2457,#323);
#131=LINE('',#2459,#324);
#132=LINE('',#2461,#325);
#133=LINE('',#2462,#326);
#134=LINE('',#2464,#327);
#135=LINE('',#2466,#328);
#136=LINE('',#2468,#329);
#137=LINE('',#2469,#330);
#138=LINE('',#2471,#331);
#139=LINE('',#2473,#332);
#140=LINE('',#2474,#333);
#141=LINE('',#2477,#334);
#142=LINE('',#2479,#335);
#143=LINE('',#2484,#336);
#144=LINE('',#2489,#337);
#145=LINE('',#2490,#338);
#146=LINE('',#2492,#339);
#147=LINE('',#2494,#340);
#148=LINE('',#2499,#341);
#149=LINE('',#2501,#342);
#150=LINE('',#2502,#343);
#151=LINE('',#2504,#344);
#152=LINE('',#2509,#345);
#153=LINE('',#2511,#346);
#154=LINE('',#2513,#347);
#155=LINE('',#2514,#348);
#156=LINE('',#2516,#349);
#157=LINE('',#2517,#350);
#158=LINE('',#2522,#351);
#159=LINE('',#2524,#352);
#160=LINE('',#2529,#353);
#161=LINE('',#2534,#354);
#162=LINE('',#2547,#355);
#163=LINE('',#2549,#356);
#164=LINE('',#2554,#357);
#165=LINE('',#2556,#358);
#166=LINE('',#2561,#359);
#167=LINE('',#2580,#360);
#168=LINE('',#2598,#361);
#169=LINE('',#2600,#362);
#170=LINE('',#2605,#363);
#171=LINE('',#2636,#364);
#172=LINE('',#2638,#365);
#173=LINE('',#2643,#366);
#174=LINE('',#2718,#367);
#175=LINE('',#2719,#368);
#176=LINE('',#2724,#369);
#177=LINE('',#2729,#370);
#178=LINE('',#2738,#371);
#179=LINE('',#2739,#372);
#180=LINE('',#2744,#373);
#181=LINE('',#2749,#374);
#182=LINE('',#2758,#375);
#183=LINE('',#2759,#376);
#184=LINE('',#2764,#377);
#185=LINE('',#2769,#378);
#186=LINE('',#2778,#379);
#187=LINE('',#2779,#380);
#188=LINE('',#2784,#381);
#189=LINE('',#2789,#382);
#190=LINE('',#2798,#383);
#191=LINE('',#2807,#384);
#192=LINE('',#2809,#385);
#193=LINE('',#2814,#386);
#194=LINE('',#2823,#387);
#195=LINE('',#2824,#388);
#196=LINE('',#2829,#389);
#197=LINE('',#2838,#390);
#198=LINE('',#2847,#391);
#199=LINE('',#2852,#392);
#200=LINE('',#2854,#393);
#201=LINE('',#2856,#394);
#202=LINE('',#2861,#395);
#203=LINE('',#2863,#396);
#204=LINE('',#2868,#397);
#205=VECTOR('',#1806,1.);
#206=VECTOR('',#1807,1.);
#207=VECTOR('',#1808,1.);
#208=VECTOR('',#1809,1.);
#209=VECTOR('',#1810,1.);
#210=VECTOR('',#1811,1.);
#211=VECTOR('',#1812,1.);
#212=VECTOR('',#1813,1.);
#213=VECTOR('',#1814,1.);
#214=VECTOR('',#1815,1.);
#215=VECTOR('',#1816,1.);
#216=VECTOR('',#1817,1.);
#217=VECTOR('',#1818,1.);
#218=VECTOR('',#1819,1.);
#219=VECTOR('',#1820,1.);
#220=VECTOR('',#1821,1.);
#221=VECTOR('',#1822,1.);
#222=VECTOR('',#1823,1.);
#223=VECTOR('',#1824,1.);
#224=VECTOR('',#1825,1.);
#225=VECTOR('',#1826,1.);
#226=VECTOR('',#1827,1.);
#227=VECTOR('',#1828,1.);
#228=VECTOR('',#1829,1.);
#229=VECTOR('',#1830,1.);
#230=VECTOR('',#1831,1.);
#231=VECTOR('',#1832,1.);
#232=VECTOR('',#1833,1.);
#233=VECTOR('',#1834,1.);
#234=VECTOR('',#1835,1.);
#235=VECTOR('',#1836,1.);
#236=VECTOR('',#1837,1.);
#237=VECTOR('',#1838,1.);
#238=VECTOR('',#1839,1.);
#239=VECTOR('',#1840,1.);
#240=VECTOR('',#1841,1.);
#241=VECTOR('',#1842,1.);
#242=VECTOR('',#1843,1.);
#243=VECTOR('',#1844,1.);
#244=VECTOR('',#1845,1.);
#245=VECTOR('',#1846,1.);
#246=VECTOR('',#1847,1.);
#247=VECTOR('',#1848,1.);
#248=VECTOR('',#1849,1.);
#249=VECTOR('',#1850,1.);
#250=VECTOR('',#1851,1.);
#251=VECTOR('',#1852,1.);
#252=VECTOR('',#1853,1.);
#253=VECTOR('',#1854,1.);
#254=VECTOR('',#1855,1.);
#255=VECTOR('',#1856,1.);
#256=VECTOR('',#1857,1.);
#257=VECTOR('',#1858,1.);
#258=VECTOR('',#1859,1.);
#259=VECTOR('',#1860,1.);
#260=VECTOR('',#1861,1.);
#261=VECTOR('',#1862,1.);
#262=VECTOR('',#1863,1.);
#263=VECTOR('',#1864,1.);
#264=VECTOR('',#1865,1.);
#265=VECTOR('',#1866,1.);
#266=VECTOR('',#1867,1.);
#267=VECTOR('',#1868,1.);
#268=VECTOR('',#1869,1.);
#269=VECTOR('',#1870,1.);
#270=VECTOR('',#1871,1.);
#271=VECTOR('',#1872,1.);
#272=VECTOR('',#1873,1.);
#273=VECTOR('',#1874,1.);
#274=VECTOR('',#1875,1.);
#275=VECTOR('',#1876,1.);
#276=VECTOR('',#1877,1.);
#277=VECTOR('',#1878,1.);
#278=VECTOR('',#1879,1.);
#279=VECTOR('',#1880,1.);
#280=VECTOR('',#1881,1.);
#281=VECTOR('',#1884,1.);
#282=VECTOR('',#1885,1.);
#283=VECTOR('',#1892,1.);
#284=VECTOR('',#1893,1.);
#285=VECTOR('',#1894,1.);
#286=VECTOR('',#1895,1.);
#287=VECTOR('',#1896,1.);
#288=VECTOR('',#1897,1.);
#289=VECTOR('',#1898,1.);
#290=VECTOR('',#1899,1.);
#291=VECTOR('',#1900,1.);
#292=VECTOR('',#1903,1.);
#293=VECTOR('',#1904,1.);
#294=VECTOR('',#1905,1.);
#295=VECTOR('',#1906,1.);
#296=VECTOR('',#1907,1.);
#297=VECTOR('',#1908,1.);
#298=VECTOR('',#1909,1.);
#299=VECTOR('',#1910,1.);
#300=VECTOR('',#1911,1.);
#301=VECTOR('',#1912,1.);
#302=VECTOR('',#1913,1.);
#303=VECTOR('',#1914,1.);
#304=VECTOR('',#1915,1.);
#305=VECTOR('',#1916,1.);
#306=VECTOR('',#1917,1.);
#307=VECTOR('',#1918,1.);
#308=VECTOR('',#1919,1.);
#309=VECTOR('',#1920,1.);
#310=VECTOR('',#1921,1.);
#311=VECTOR('',#1922,1.);
#312=VECTOR('',#1923,1.);
#313=VECTOR('',#1924,1.);
#314=VECTOR('',#1925,1.);
#315=VECTOR('',#1926,1.);
#316=VECTOR('',#1927,1.);
#317=VECTOR('',#1928,1.);
#318=VECTOR('',#1929,1.);
#319=VECTOR('',#1930,1.);
#320=VECTOR('',#1931,1.);
#321=VECTOR('',#1932,1.);
#322=VECTOR('',#1933,1.);
#323=VECTOR('',#1934,1.);
#324=VECTOR('',#1935,1.);
#325=VECTOR('',#1936,1.);
#326=VECTOR('',#1937,1.);
#327=VECTOR('',#1938,1.);
#328=VECTOR('',#1939,1.);
#329=VECTOR('',#1940,1.);
#330=VECTOR('',#1941,1.);
#331=VECTOR('',#1942,1.);
#332=VECTOR('',#1943,1.);
#333=VECTOR('',#1944,1.);
#334=VECTOR('',#1945,1.);
#335=VECTOR('',#1946,1.);
#336=VECTOR('',#1947,1.);
#337=VECTOR('',#1948,1.);
#338=VECTOR('',#1949,1.);
#339=VECTOR('',#1950,1.);
#340=VECTOR('',#1951,1.);
#341=VECTOR('',#1952,1.);
#342=VECTOR('',#1953,1.);
#343=VECTOR('',#1954,1.);
#344=VECTOR('',#1955,1.);
#345=VECTOR('',#1956,1.);
#346=VECTOR('',#1957,1.);
#347=VECTOR('',#1958,1.);
#348=VECTOR('',#1959,1.);
#349=VECTOR('',#1960,1.);
#350=VECTOR('',#1961,1.);
#351=VECTOR('',#1962,1.);
#352=VECTOR('',#1963,1.);
#353=VECTOR('',#1964,1.);
#354=VECTOR('',#1965,1.);
#355=VECTOR('',#1966,1.);
#356=VECTOR('',#1967,1.);
#357=VECTOR('',#1968,1.);
#358=VECTOR('',#1969,1.);
#359=VECTOR('',#1970,1.);
#360=VECTOR('',#1975,1.);
#361=VECTOR('',#1978,1.);
#362=VECTOR('',#1979,1.);
#363=VECTOR('',#1980,1.);
#364=VECTOR('',#1985,1.);
#365=VECTOR('',#1986,1.);
#366=VECTOR('',#1987,1.);
#367=VECTOR('',#2000,1.);
#368=VECTOR('',#2001,1.);
#369=VECTOR('',#2002,1.);
#370=VECTOR('',#2003,1.);
#371=VECTOR('',#2004,1.);
#372=VECTOR('',#2005,1.);
#373=VECTOR('',#2006,1.);
#374=VECTOR('',#2007,1.);
#375=VECTOR('',#2008,1.);
#376=VECTOR('',#2009,1.);
#377=VECTOR('',#2010,1.);
#378=VECTOR('',#2011,1.);
#379=VECTOR('',#2012,1.);
#380=VECTOR('',#2013,1.);
#381=VECTOR('',#2014,1.);
#382=VECTOR('',#2015,1.);
#383=VECTOR('',#2016,1.);
#384=VECTOR('',#2017,1.);
#385=VECTOR('',#2018,1.);
#386=VECTOR('',#2019,1.);
#387=VECTOR('',#2020,1.);
#388=VECTOR('',#2021,1.);
#389=VECTOR('',#2022,1.);
#390=VECTOR('',#2023,1.);
#391=VECTOR('',#2024,1.);
#392=VECTOR('',#2025,1.);
#393=VECTOR('',#2026,1.);
#394=VECTOR('',#2027,1.);
#395=VECTOR('',#2028,1.);
#396=VECTOR('',#2029,1.);
#397=VECTOR('',#2030,1.);
#398=B_SPLINE_SURFACE_WITH_KNOTS('',1,1,((#2176,#2177),(#2178,#2179)),
 .PLANE_SURF.,.F.,.F.,.F.,(2,2),(2,2),(0.0454545454545455,0.338980089690319),
(0.0454545454545454,0.949122174148217),.PIECEWISE_BEZIER_KNOTS.);
#399=B_SPLINE_SURFACE_WITH_KNOTS('',1,1,((#2188,#2189),(#2190,#2191)),
 .PLANE_SURF.,.F.,.F.,.F.,(2,2),(2,2),(0.69973045044068,0.954545454545454),
(0.0454545454545454,0.949122174148217),.PIECEWISE_BEZIER_KNOTS.);
#400=B_SPLINE_SURFACE_WITH_KNOTS('',1,1,((#2200,#2201),(#2202,#2203)),
 .PLANE_SURF.,.F.,.F.,.F.,(2,2),(2,2),(0.,1.),(0.,1.),.UNSPECIFIED.);
#401=B_SPLINE_SURFACE_WITH_KNOTS('',1,1,((#2228,#2229),(#2230,#2231)),
 .PLANE_SURF.,.F.,.F.,.F.,(2,2),(2,2),(0.,1.),(0.,1.),.UNSPECIFIED.);
#402=B_SPLINE_SURFACE_WITH_KNOTS('',1,1,((#2258,#2259),(#2260,#2261)),
 .PLANE_SURF.,.F.,.F.,.F.,(2,2),(2,2),(0.,1.),(0.,1.),.UNSPECIFIED.);
#403=B_SPLINE_SURFACE_WITH_KNOTS('',1,1,((#2303,#2304),(#2305,#2306)),
 .PLANE_SURF.,.F.,.F.,.F.,(2,2),(2,2),(0.,1.),(0.,1.),.UNSPECIFIED.);
#404=B_SPLINE_SURFACE_WITH_KNOTS('',1,1,((#2336,#2337),(#2338,#2339)),
 .PLANE_SURF.,.F.,.F.,.F.,(2,2),(2,2),(0.,1.),(0.,1.),.UNSPECIFIED.);
#405=B_SPLINE_SURFACE_WITH_KNOTS('',1,1,((#2352,#2353),(#2354,#2355)),
 .PLANE_SURF.,.F.,.F.,.F.,(2,2),(2,2),(0.,1.),(0.,1.),.UNSPECIFIED.);
#406=B_SPLINE_SURFACE_WITH_KNOTS('',1,1,((#2359,#2360),(#2361,#2362)),
 .PLANE_SURF.,.F.,.F.,.F.,(2,2),(2,2),(0.,1.),(0.,1.),.UNSPECIFIED.);
#407=B_SPLINE_SURFACE_WITH_KNOTS('',1,1,((#2383,#2384),(#2385,#2386)),
 .PLANE_SURF.,.F.,.F.,.F.,(2,2),(2,2),(0.,1.),(0.,1.),.UNSPECIFIED.);
#408=B_SPLINE_SURFACE_WITH_KNOTS('',1,1,((#2415,#2416),(#2417,#2418)),
 .PLANE_SURF.,.F.,.F.,.F.,(2,2),(2,2),(0.,1.),(0.,1.),.UNSPECIFIED.);
#409=B_SPLINE_SURFACE_WITH_KNOTS('',1,1,((#2428,#2429),(#2430,#2431)),
 .PLANE_SURF.,.F.,.F.,.F.,(2,2),(2,2),(0.,1.),(0.,1.),.UNSPECIFIED.);
#410=B_SPLINE_SURFACE_WITH_KNOTS('',1,1,((#2437,#2438),(#2439,#2440)),
 .PLANE_SURF.,.F.,.F.,.F.,(2,2),(2,2),(0.,1.),(0.,1.),.UNSPECIFIED.);
#411=B_SPLINE_SURFACE_WITH_KNOTS('',1,1,((#2450,#2451),(#2452,#2453)),
 .PLANE_SURF.,.F.,.F.,.F.,(2,2),(2,2),(0.,1.),(0.,1.),.UNSPECIFIED.);
#412=B_SPLINE_SURFACE_WITH_KNOTS('',1,1,((#2480,#2481),(#2482,#2483)),
 .PLANE_SURF.,.F.,.F.,.F.,(2,2),(2,2),(0.,1.),(0.,1.),.UNSPECIFIED.);
#413=B_SPLINE_SURFACE_WITH_KNOTS('',1,1,((#2485,#2486),(#2487,#2488)),
 .PLANE_SURF.,.F.,.F.,.F.,(2,2),(2,2),(0.,1.),(0.,1.),.UNSPECIFIED.);
#414=B_SPLINE_SURFACE_WITH_KNOTS('',1,1,((#2495,#2496),(#2497,#2498)),
 .PLANE_SURF.,.F.,.F.,.F.,(2,2),(2,2),(0.,1.),(0.,1.),.UNSPECIFIED.);
#415=B_SPLINE_SURFACE_WITH_KNOTS('',1,1,((#2505,#2506),(#2507,#2508)),
 .PLANE_SURF.,.F.,.F.,.F.,(2,2),(2,2),(0.,1.),(0.,1.),.UNSPECIFIED.);
#416=B_SPLINE_SURFACE_WITH_KNOTS('',1,1,((#2518,#2519),(#2520,#2521)),
 .PLANE_SURF.,.F.,.F.,.F.,(2,2),(2,2),(0.,1.),(0.,1.),.UNSPECIFIED.);
#417=B_SPLINE_SURFACE_WITH_KNOTS('',1,1,((#2525,#2526),(#2527,#2528)),
 .PLANE_SURF.,.F.,.F.,.F.,(2,2),(2,2),(0.,1.),(0.,1.),.UNSPECIFIED.);
#418=B_SPLINE_SURFACE_WITH_KNOTS('',1,1,((#2530,#2531),(#2532,#2533)),
 .PLANE_SURF.,.F.,.F.,.F.,(2,2),(2,2),(0.,1.),(0.,1.),.UNSPECIFIED.);
#419=B_SPLINE_SURFACE_WITH_KNOTS('',1,1,((#2535,#2536),(#2537,#2538)),
 .PLANE_SURF.,.F.,.F.,.F.,(2,2),(2,2),(0.,1.),(0.,1.),.UNSPECIFIED.);
#420=B_SPLINE_SURFACE_WITH_KNOTS('',1,1,((#2539,#2540),(#2541,#2542)),
 .PLANE_SURF.,.F.,.F.,.F.,(2,2),(2,2),(0.,1.),(0.,1.),.UNSPECIFIED.);
#421=B_SPLINE_SURFACE_WITH_KNOTS('',1,1,((#2543,#2544),(#2545,#2546)),
 .PLANE_SURF.,.F.,.F.,.F.,(2,2),(2,2),(0.,1.),(0.,1.),.UNSPECIFIED.);
#422=B_SPLINE_SURFACE_WITH_KNOTS('',1,1,((#2550,#2551),(#2552,#2553)),
 .PLANE_SURF.,.F.,.F.,.F.,(2,2),(2,2),(0.,1.),(0.,1.),.UNSPECIFIED.);
#423=B_SPLINE_SURFACE_WITH_KNOTS('',1,1,((#2557,#2558),(#2559,#2560)),
 .PLANE_SURF.,.F.,.F.,.F.,(2,2),(2,2),(0.,1.),(0.,1.),.UNSPECIFIED.);
#424=B_SPLINE_SURFACE_WITH_KNOTS('',1,1,((#2572,#2573),(#2574,#2575)),
 .PLANE_SURF.,.F.,.F.,.F.,(2,2),(2,2),(0.,1.),(0.,1.),.UNSPECIFIED.);
#425=B_SPLINE_SURFACE_WITH_KNOTS('',1,1,((#2576,#2577),(#2578,#2579)),
 .PLANE_SURF.,.F.,.F.,.F.,(2,2),(2,2),(0.,1.),(0.,1.),.UNSPECIFIED.);
#426=B_SPLINE_SURFACE_WITH_KNOTS('',1,1,((#2581,#2582),(#2583,#2584)),
 .PLANE_SURF.,.F.,.F.,.F.,(2,2),(2,2),(0.,1.),(0.,1.),.UNSPECIFIED.);
#427=B_SPLINE_SURFACE_WITH_KNOTS('',1,1,((#2594,#2595),(#2596,#2597)),
 .PLANE_SURF.,.F.,.F.,.F.,(2,2),(2,2),(0.,1.),(0.,1.),.UNSPECIFIED.);
#428=B_SPLINE_SURFACE_WITH_KNOTS('',1,1,((#2601,#2602),(#2603,#2604)),
 .PLANE_SURF.,.F.,.F.,.F.,(2,2),(2,2),(0.,1.),(0.,1.),.UNSPECIFIED.);
#429=B_SPLINE_SURFACE_WITH_KNOTS('',1,1,((#2616,#2617),(#2618,#2619)),
 .PLANE_SURF.,.F.,.F.,.F.,(2,2),(2,2),(0.,1.),(0.,1.),.UNSPECIFIED.);
#430=B_SPLINE_SURFACE_WITH_KNOTS('',1,1,((#2620,#2621),(#2622,#2623)),
 .PLANE_SURF.,.F.,.F.,.F.,(2,2),(2,2),(0.883544070482814,0.928701000845577),
(0.830081296769229,0.909508088923985),.PIECEWISE_BEZIER_KNOTS.);
#431=B_SPLINE_SURFACE_WITH_KNOTS('',1,1,((#2624,#2625),(#2626,#2627)),
 .PLANE_SURF.,.F.,.F.,.F.,(2,2),(2,2),(0.883544070482814,0.928701000845577),
(0.168368980005946,0.247795772160702),.PIECEWISE_BEZIER_KNOTS.);
#432=B_SPLINE_SURFACE_WITH_KNOTS('',1,1,((#2628,#2629),(#2630,#2631)),
 .PLANE_SURF.,.F.,.F.,.F.,(2,2),(2,2),(0.0711649554070932,0.116321885769856),
(0.168368980005946,0.247795772160702),.PIECEWISE_BEZIER_KNOTS.);
#433=B_SPLINE_SURFACE_WITH_KNOTS('',1,1,((#2632,#2633),(#2634,#2635)),
 .PLANE_SURF.,.F.,.F.,.F.,(2,2),(2,2),(0.,1.),(0.,1.),.UNSPECIFIED.);
#434=B_SPLINE_SURFACE_WITH_KNOTS('',1,1,((#2639,#2640),(#2641,#2642)),
 .PLANE_SURF.,.F.,.F.,.F.,(2,2),(2,2),(0.,1.),(0.,1.),.UNSPECIFIED.);
#435=B_SPLINE_SURFACE_WITH_KNOTS('',1,1,((#2654,#2655),(#2656,#2657)),
 .PLANE_SURF.,.F.,.F.,.F.,(2,2),(2,2),(0.,1.),(0.,1.),.UNSPECIFIED.);
#436=B_SPLINE_SURFACE_WITH_KNOTS('',1,1,((#2658,#2659),(#2660,#2661)),
 .PLANE_SURF.,.F.,.F.,.F.,(2,2),(2,2),(0.0711649554070932,0.116321885769856),
(0.830081296769229,0.909508088923985),.PIECEWISE_BEZIER_KNOTS.);
#437=B_SPLINE_SURFACE_WITH_KNOTS('',1,1,((#2671,#2672),(#2673,#2674)),
 .PLANE_SURF.,.F.,.F.,.F.,(2,2),(2,2),(0.0427315991146141,0.954561694782074),
(0.0419418409000891,0.956121153583821),.PIECEWISE_BEZIER_KNOTS.);
#438=B_SPLINE_SURFACE_WITH_KNOTS('',1,1,((#2684,#2685),(#2686,#2687)),
 .PLANE_SURF.,.F.,.F.,.F.,(2,2),(2,2),(0.0454383052179257,0.957268400885386),
(0.0419418409000891,0.956121153583821),.PIECEWISE_BEZIER_KNOTS.);
#439=B_SPLINE_SURFACE_WITH_KNOTS('',1,1,((#2697,#2698),(#2699,#2700)),
 .PLANE_SURF.,.F.,.F.,.F.,(2,2),(2,2),(0.0454383052179257,0.957268400885386),
(0.0419418409000885,0.956121153583821),.PIECEWISE_BEZIER_KNOTS.);
#440=B_SPLINE_SURFACE_WITH_KNOTS('',1,1,((#2710,#2711),(#2712,#2713)),
 .PLANE_SURF.,.F.,.F.,.F.,(2,2),(2,2),(0.0427315991146141,0.954561694782074),
(0.0419418409000885,0.956121153583821),.PIECEWISE_BEZIER_KNOTS.);
#441=B_SPLINE_SURFACE_WITH_KNOTS('',1,1,((#2714,#2715),(#2716,#2717)),
 .PLANE_SURF.,.F.,.F.,.F.,(2,2),(2,2),(0.,1.),(0.,1.),.UNSPECIFIED.);
#442=B_SPLINE_SURFACE_WITH_KNOTS('',1,1,((#2720,#2721),(#2722,#2723)),
 .PLANE_SURF.,.F.,.F.,.F.,(2,2),(2,2),(0.,1.),(0.,1.),.UNSPECIFIED.);
#443=B_SPLINE_SURFACE_WITH_KNOTS('',1,1,((#2725,#2726),(#2727,#2728)),
 .PLANE_SURF.,.F.,.F.,.F.,(2,2),(2,2),(0.,1.),(0.,1.),.UNSPECIFIED.);
#444=B_SPLINE_SURFACE_WITH_KNOTS('',1,1,((#2730,#2731),(#2732,#2733)),
 .PLANE_SURF.,.F.,.F.,.F.,(2,2),(2,2),(0.,1.),(0.,1.),.UNSPECIFIED.);
#445=B_SPLINE_SURFACE_WITH_KNOTS('',1,1,((#2734,#2735),(#2736,#2737)),
 .PLANE_SURF.,.F.,.F.,.F.,(2,2),(2,2),(0.,1.),(0.,1.),.UNSPECIFIED.);
#446=B_SPLINE_SURFACE_WITH_KNOTS('',1,1,((#2740,#2741),(#2742,#2743)),
 .PLANE_SURF.,.F.,.F.,.F.,(2,2),(2,2),(0.,1.),(0.,1.),.UNSPECIFIED.);
#447=B_SPLINE_SURFACE_WITH_KNOTS('',1,1,((#2745,#2746),(#2747,#2748)),
 .PLANE_SURF.,.F.,.F.,.F.,(2,2),(2,2),(0.,1.),(0.,1.),.UNSPECIFIED.);
#448=B_SPLINE_SURFACE_WITH_KNOTS('',1,1,((#2750,#2751),(#2752,#2753)),
 .PLANE_SURF.,.F.,.F.,.F.,(2,2),(2,2),(0.,1.),(0.,1.),.UNSPECIFIED.);
#449=B_SPLINE_SURFACE_WITH_KNOTS('',1,1,((#2754,#2755),(#2756,#2757)),
 .PLANE_SURF.,.F.,.F.,.F.,(2,2),(2,2),(0.,1.),(0.,1.),.UNSPECIFIED.);
#450=B_SPLINE_SURFACE_WITH_KNOTS('',1,1,((#2760,#2761),(#2762,#2763)),
 .PLANE_SURF.,.F.,.F.,.F.,(2,2),(2,2),(0.,1.),(0.,1.),.UNSPECIFIED.);
#451=B_SPLINE_SURFACE_WITH_KNOTS('',1,1,((#2765,#2766),(#2767,#2768)),
 .PLANE_SURF.,.F.,.F.,.F.,(2,2),(2,2),(0.,1.),(0.,1.),.UNSPECIFIED.);
#452=B_SPLINE_SURFACE_WITH_KNOTS('',1,1,((#2770,#2771),(#2772,#2773)),
 .PLANE_SURF.,.F.,.F.,.F.,(2,2),(2,2),(0.,1.),(0.,1.),.UNSPECIFIED.);
#453=B_SPLINE_SURFACE_WITH_KNOTS('',1,1,((#2774,#2775),(#2776,#2777)),
 .PLANE_SURF.,.F.,.F.,.F.,(2,2),(2,2),(0.,1.),(0.,1.),.UNSPECIFIED.);
#454=B_SPLINE_SURFACE_WITH_KNOTS('',1,1,((#2780,#2781),(#2782,#2783)),
 .PLANE_SURF.,.F.,.F.,.F.,(2,2),(2,2),(0.,1.),(0.,1.),.UNSPECIFIED.);
#455=B_SPLINE_SURFACE_WITH_KNOTS('',1,1,((#2785,#2786),(#2787,#2788)),
 .PLANE_SURF.,.F.,.F.,.F.,(2,2),(2,2),(0.,1.),(0.,1.),.UNSPECIFIED.);
#456=B_SPLINE_SURFACE_WITH_KNOTS('',1,1,((#2790,#2791),(#2792,#2793)),
 .PLANE_SURF.,.F.,.F.,.F.,(2,2),(2,2),(0.,1.),(0.,1.),.UNSPECIFIED.);
#457=B_SPLINE_SURFACE_WITH_KNOTS('',1,1,((#2794,#2795),(#2796,#2797)),
 .PLANE_SURF.,.F.,.F.,.F.,(2,2),(2,2),(0.,1.),(0.,1.),.UNSPECIFIED.);
#458=B_SPLINE_SURFACE_WITH_KNOTS('',1,1,((#2799,#2800),(#2801,#2802)),
 .PLANE_SURF.,.F.,.F.,.F.,(2,2),(2,2),(0.,1.),(0.,1.),.UNSPECIFIED.);
#459=B_SPLINE_SURFACE_WITH_KNOTS('',1,1,((#2803,#2804),(#2805,#2806)),
 .PLANE_SURF.,.F.,.F.,.F.,(2,2),(2,2),(0.,1.),(0.,1.),.UNSPECIFIED.);
#460=B_SPLINE_SURFACE_WITH_KNOTS('',1,1,((#2810,#2811),(#2812,#2813)),
 .PLANE_SURF.,.F.,.F.,.F.,(2,2),(2,2),(0.,1.),(0.,1.),.UNSPECIFIED.);
#461=B_SPLINE_SURFACE_WITH_KNOTS('',1,1,((#2815,#2816),(#2817,#2818)),
 .PLANE_SURF.,.F.,.F.,.F.,(2,2),(2,2),(0.,1.),(0.,1.),.UNSPECIFIED.);
#462=B_SPLINE_SURFACE_WITH_KNOTS('',1,1,((#2819,#2820),(#2821,#2822)),
 .PLANE_SURF.,.F.,.F.,.F.,(2,2),(2,2),(0.,1.),(0.,1.),.UNSPECIFIED.);
#463=B_SPLINE_SURFACE_WITH_KNOTS('',1,1,((#2825,#2826),(#2827,#2828)),
 .PLANE_SURF.,.F.,.F.,.F.,(2,2),(2,2),(0.,1.),(0.,1.),.UNSPECIFIED.);
#464=B_SPLINE_SURFACE_WITH_KNOTS('',1,1,((#2830,#2831),(#2832,#2833)),
 .PLANE_SURF.,.F.,.F.,.F.,(2,2),(2,2),(0.,1.),(0.,1.),.UNSPECIFIED.);
#465=B_SPLINE_SURFACE_WITH_KNOTS('',1,1,((#2834,#2835),(#2836,#2837)),
 .PLANE_SURF.,.F.,.F.,.F.,(2,2),(2,2),(0.,1.),(0.,1.),.UNSPECIFIED.);
#466=B_SPLINE_SURFACE_WITH_KNOTS('',1,1,((#2839,#2840),(#2841,#2842)),
 .PLANE_SURF.,.F.,.F.,.F.,(2,2),(2,2),(0.,1.),(0.,1.),.UNSPECIFIED.);
#467=B_SPLINE_SURFACE_WITH_KNOTS('',1,1,((#2843,#2844),(#2845,#2846)),
 .PLANE_SURF.,.F.,.F.,.F.,(2,2),(2,2),(0.,1.),(0.,1.),.UNSPECIFIED.);
#468=B_SPLINE_SURFACE_WITH_KNOTS('',1,1,((#2848,#2849),(#2850,#2851)),
 .PLANE_SURF.,.F.,.F.,.F.,(2,2),(2,2),(0.,1.),(0.,1.),.UNSPECIFIED.);
#469=B_SPLINE_SURFACE_WITH_KNOTS('',1,1,((#2857,#2858),(#2859,#2860)),
 .PLANE_SURF.,.F.,.F.,.F.,(2,2),(2,2),(0.,1.),(0.,1.),.UNSPECIFIED.);
#470=B_SPLINE_SURFACE_WITH_KNOTS('',1,1,((#2864,#2865),(#2866,#2867)),
 .PLANE_SURF.,.F.,.F.,.F.,(2,2),(2,2),(0.,1.),(0.,1.),.UNSPECIFIED.);
#471=B_SPLINE_SURFACE_WITH_KNOTS('',1,1,((#2869,#2870),(#2871,#2872)),
 .PLANE_SURF.,.F.,.F.,.F.,(2,2),(2,2),(0.,1.),(0.,1.),.UNSPECIFIED.);
#472=(
BOUNDED_CURVE()
B_SPLINE_CURVE(1,(#2043,#2044),.UNSPECIFIED.,.F.,.F.)
B_SPLINE_CURVE_WITH_KNOTS((2,2),(0.,1.),.PIECEWISE_BEZIER_KNOTS.)
CURVE()
GEOMETRIC_REPRESENTATION_ITEM()
RATIONAL_B_SPLINE_CURVE((1.,1.))
REPRESENTATION_ITEM('')
);
#473=(
BOUNDED_CURVE()
B_SPLINE_CURVE(1,(#2048,#2049),.UNSPECIFIED.,.F.,.F.)
B_SPLINE_CURVE_WITH_KNOTS((2,2),(0.,1.),.PIECEWISE_BEZIER_KNOTS.)
CURVE()
GEOMETRIC_REPRESENTATION_ITEM()
RATIONAL_B_SPLINE_CURVE((1.,1.))
REPRESENTATION_ITEM('')
);
#474=(
BOUNDED_CURVE()
B_SPLINE_CURVE(1,(#2061,#2062),.UNSPECIFIED.,.F.,.F.)
B_SPLINE_CURVE_WITH_KNOTS((2,2),(0.,1.),.PIECEWISE_BEZIER_KNOTS.)
CURVE()
GEOMETRIC_REPRESENTATION_ITEM()
RATIONAL_B_SPLINE_CURVE((1.,1.))
REPRESENTATION_ITEM('')
);
#475=(
BOUNDED_CURVE()
B_SPLINE_CURVE(1,(#2066,#2067),.UNSPECIFIED.,.F.,.F.)
B_SPLINE_CURVE_WITH_KNOTS((2,2),(0.,1.),.PIECEWISE_BEZIER_KNOTS.)
CURVE()
GEOMETRIC_REPRESENTATION_ITEM()
RATIONAL_B_SPLINE_CURVE((1.,1.))
REPRESENTATION_ITEM('')
);
#476=(
BOUNDED_CURVE()
B_SPLINE_CURVE(1,(#2079,#2080),.UNSPECIFIED.,.F.,.F.)
B_SPLINE_CURVE_WITH_KNOTS((2,2),(0.,1.),.PIECEWISE_BEZIER_KNOTS.)
CURVE()
GEOMETRIC_REPRESENTATION_ITEM()
RATIONAL_B_SPLINE_CURVE((1.,1.))
REPRESENTATION_ITEM('')
);
#477=(
BOUNDED_CURVE()
B_SPLINE_CURVE(1,(#2084,#2085),.UNSPECIFIED.,.F.,.F.)
B_SPLINE_CURVE_WITH_KNOTS((2,2),(0.,1.),.PIECEWISE_BEZIER_KNOTS.)
CURVE()
GEOMETRIC_REPRESENTATION_ITEM()
RATIONAL_B_SPLINE_CURVE((1.,1.))
REPRESENTATION_ITEM('')
);
#478=(
BOUNDED_CURVE()
B_SPLINE_CURVE(1,(#2097,#2098),.UNSPECIFIED.,.F.,.F.)
B_SPLINE_CURVE_WITH_KNOTS((2,2),(0.,1.),.PIECEWISE_BEZIER_KNOTS.)
CURVE()
GEOMETRIC_REPRESENTATION_ITEM()
RATIONAL_B_SPLINE_CURVE((1.,1.))
REPRESENTATION_ITEM('')
);
#479=(
BOUNDED_CURVE()
B_SPLINE_CURVE(1,(#2102,#2103),.UNSPECIFIED.,.F.,.F.)
B_SPLINE_CURVE_WITH_KNOTS((2,2),(0.,1.),.PIECEWISE_BEZIER_KNOTS.)
CURVE()
GEOMETRIC_REPRESENTATION_ITEM()
RATIONAL_B_SPLINE_CURVE((1.,1.))
REPRESENTATION_ITEM('')
);
#480=(
BOUNDED_CURVE()
B_SPLINE_CURVE(1,(#2115,#2116),.UNSPECIFIED.,.F.,.F.)
B_SPLINE_CURVE_WITH_KNOTS((2,2),(0.,1.),.PIECEWISE_BEZIER_KNOTS.)
CURVE()
GEOMETRIC_REPRESENTATION_ITEM()
RATIONAL_B_SPLINE_CURVE((1.,1.))
REPRESENTATION_ITEM('')
);
#481=(
BOUNDED_CURVE()
B_SPLINE_CURVE(1,(#2120,#2121),.UNSPECIFIED.,.F.,.F.)
B_SPLINE_CURVE_WITH_KNOTS((2,2),(0.,1.),.PIECEWISE_BEZIER_KNOTS.)
CURVE()
GEOMETRIC_REPRESENTATION_ITEM()
RATIONAL_B_SPLINE_CURVE((1.,1.))
REPRESENTATION_ITEM('')
);
#482=(
BOUNDED_CURVE()
B_SPLINE_CURVE(1,(#2133,#2134),.UNSPECIFIED.,.F.,.F.)
B_SPLINE_CURVE_WITH_KNOTS((2,2),(0.,1.),.PIECEWISE_BEZIER_KNOTS.)
CURVE()
GEOMETRIC_REPRESENTATION_ITEM()
RATIONAL_B_SPLINE_CURVE((1.,1.))
REPRESENTATION_ITEM('')
);
#483=(
BOUNDED_CURVE()
B_SPLINE_CURVE(1,(#2138,#2139),.UNSPECIFIED.,.F.,.F.)
B_SPLINE_CURVE_WITH_KNOTS((2,2),(0.,1.),.PIECEWISE_BEZIER_KNOTS.)
CURVE()
GEOMETRIC_REPRESENTATION_ITEM()
RATIONAL_B_SPLINE_CURVE((1.,1.))
REPRESENTATION_ITEM('')
);
#484=(
BOUNDED_CURVE()
B_SPLINE_CURVE(1,(#2151,#2152),.UNSPECIFIED.,.F.,.F.)
B_SPLINE_CURVE_WITH_KNOTS((2,2),(0.,1.),.PIECEWISE_BEZIER_KNOTS.)
CURVE()
GEOMETRIC_REPRESENTATION_ITEM()
RATIONAL_B_SPLINE_CURVE((1.,1.))
REPRESENTATION_ITEM('')
);
#485=(
BOUNDED_CURVE()
B_SPLINE_CURVE(1,(#2156,#2157),.UNSPECIFIED.,.F.,.F.)
B_SPLINE_CURVE_WITH_KNOTS((2,2),(0.,1.),.PIECEWISE_BEZIER_KNOTS.)
CURVE()
GEOMETRIC_REPRESENTATION_ITEM()
RATIONAL_B_SPLINE_CURVE((1.,1.))
REPRESENTATION_ITEM('')
);
#486=(
BOUNDED_CURVE()
B_SPLINE_CURVE(1,(#2169,#2170),.UNSPECIFIED.,.F.,.F.)
B_SPLINE_CURVE_WITH_KNOTS((2,2),(0.,1.),.PIECEWISE_BEZIER_KNOTS.)
CURVE()
GEOMETRIC_REPRESENTATION_ITEM()
RATIONAL_B_SPLINE_CURVE((1.,1.))
REPRESENTATION_ITEM('')
);
#487=(
BOUNDED_CURVE()
B_SPLINE_CURVE(1,(#2174,#2175),.UNSPECIFIED.,.F.,.F.)
B_SPLINE_CURVE_WITH_KNOTS((2,2),(0.,1.),.PIECEWISE_BEZIER_KNOTS.)
CURVE()
GEOMETRIC_REPRESENTATION_ITEM()
RATIONAL_B_SPLINE_CURVE((1.,1.))
REPRESENTATION_ITEM('')
);
#488=ORIENTED_EDGE('',*,*,#970,.F.);
#489=ORIENTED_EDGE('',*,*,#971,.T.);
#490=ORIENTED_EDGE('',*,*,#972,.T.);
#491=ORIENTED_EDGE('',*,*,#973,.F.);
#492=ORIENTED_EDGE('',*,*,#974,.T.);
#493=ORIENTED_EDGE('',*,*,#975,.T.);
#494=ORIENTED_EDGE('',*,*,#976,.F.);
#495=ORIENTED_EDGE('',*,*,#977,.F.);
#496=ORIENTED_EDGE('',*,*,#978,.T.);
#497=ORIENTED_EDGE('',*,*,#979,.T.);
#498=ORIENTED_EDGE('',*,*,#980,.F.);
#499=ORIENTED_EDGE('',*,*,#981,.F.);
#500=ORIENTED_EDGE('',*,*,#982,.F.);
#501=ORIENTED_EDGE('',*,*,#983,.T.);
#502=ORIENTED_EDGE('',*,*,#984,.T.);
#503=ORIENTED_EDGE('',*,*,#985,.F.);
#504=ORIENTED_EDGE('',*,*,#986,.T.);
#505=ORIENTED_EDGE('',*,*,#987,.T.);
#506=ORIENTED_EDGE('',*,*,#988,.T.);
#507=ORIENTED_EDGE('',*,*,#989,.F.);
#508=ORIENTED_EDGE('',*,*,#990,.T.);
#509=ORIENTED_EDGE('',*,*,#991,.T.);
#510=ORIENTED_EDGE('',*,*,#992,.T.);
#511=ORIENTED_EDGE('',*,*,#993,.F.);
#512=ORIENTED_EDGE('',*,*,#994,.T.);
#513=ORIENTED_EDGE('',*,*,#995,.T.);
#514=ORIENTED_EDGE('',*,*,#996,.T.);
#515=ORIENTED_EDGE('',*,*,#997,.F.);
#516=ORIENTED_EDGE('',*,*,#998,.T.);
#517=ORIENTED_EDGE('',*,*,#999,.T.);
#518=ORIENTED_EDGE('',*,*,#1000,.T.);
#519=ORIENTED_EDGE('',*,*,#1001,.F.);
#520=ORIENTED_EDGE('',*,*,#1002,.F.);
#521=ORIENTED_EDGE('',*,*,#1003,.F.);
#522=ORIENTED_EDGE('',*,*,#1004,.T.);
#523=ORIENTED_EDGE('',*,*,#1005,.T.);
#524=ORIENTED_EDGE('',*,*,#1006,.F.);
#525=ORIENTED_EDGE('',*,*,#1007,.T.);
#526=ORIENTED_EDGE('',*,*,#1008,.F.);
#527=ORIENTED_EDGE('',*,*,#1009,.F.);
#528=ORIENTED_EDGE('',*,*,#1010,.F.);
#529=ORIENTED_EDGE('',*,*,#1011,.T.);
#530=ORIENTED_EDGE('',*,*,#1012,.T.);
#531=ORIENTED_EDGE('',*,*,#1013,.T.);
#532=ORIENTED_EDGE('',*,*,#1014,.F.);
#533=ORIENTED_EDGE('',*,*,#1015,.T.);
#534=ORIENTED_EDGE('',*,*,#1016,.T.);
#535=ORIENTED_EDGE('',*,*,#1017,.F.);
#536=ORIENTED_EDGE('',*,*,#1018,.T.);
#537=ORIENTED_EDGE('',*,*,#1019,.T.);
#538=ORIENTED_EDGE('',*,*,#1020,.F.);
#539=ORIENTED_EDGE('',*,*,#1021,.F.);
#540=ORIENTED_EDGE('',*,*,#1022,.T.);
#541=ORIENTED_EDGE('',*,*,#1023,.F.);
#542=ORIENTED_EDGE('',*,*,#1024,.F.);
#543=ORIENTED_EDGE('',*,*,#1025,.T.);
#544=ORIENTED_EDGE('',*,*,#1026,.T.);
#545=ORIENTED_EDGE('',*,*,#1003,.T.);
#546=ORIENTED_EDGE('',*,*,#1027,.T.);
#547=ORIENTED_EDGE('',*,*,#1028,.F.);
#548=ORIENTED_EDGE('',*,*,#1029,.F.);
#549=ORIENTED_EDGE('',*,*,#1030,.T.);
#550=ORIENTED_EDGE('',*,*,#1031,.T.);
#551=ORIENTED_EDGE('',*,*,#1009,.T.);
#552=ORIENTED_EDGE('',*,*,#1032,.T.);
#553=ORIENTED_EDGE('',*,*,#1033,.T.);
#554=ORIENTED_EDGE('',*,*,#1034,.F.);
#555=ORIENTED_EDGE('',*,*,#1035,.F.);
#556=ORIENTED_EDGE('',*,*,#1036,.T.);
#557=ORIENTED_EDGE('',*,*,#1037,.T.);
#558=ORIENTED_EDGE('',*,*,#1038,.F.);
#559=ORIENTED_EDGE('',*,*,#1039,.F.);
#560=ORIENTED_EDGE('',*,*,#1040,.T.);
#561=ORIENTED_EDGE('',*,*,#1041,.T.);
#562=ORIENTED_EDGE('',*,*,#1042,.F.);
#563=ORIENTED_EDGE('',*,*,#1043,.F.);
#564=ORIENTED_EDGE('',*,*,#1044,.T.);
#565=ORIENTED_EDGE('',*,*,#1045,.T.);
#566=ORIENTED_EDGE('',*,*,#1046,.T.);
#567=ORIENTED_EDGE('',*,*,#1047,.T.);
#568=ORIENTED_EDGE('',*,*,#1048,.T.);
#569=ORIENTED_EDGE('',*,*,#1049,.T.);
#570=ORIENTED_EDGE('',*,*,#1050,.F.);
#571=ORIENTED_EDGE('',*,*,#1016,.F.);
#572=ORIENTED_EDGE('',*,*,#1051,.T.);
#573=ORIENTED_EDGE('',*,*,#1052,.T.);
#574=ORIENTED_EDGE('',*,*,#1053,.T.);
#575=ORIENTED_EDGE('',*,*,#1054,.F.);
#576=ORIENTED_EDGE('',*,*,#1055,.F.);
#577=ORIENTED_EDGE('',*,*,#1056,.F.);
#578=ORIENTED_EDGE('',*,*,#1057,.T.);
#579=ORIENTED_EDGE('',*,*,#1058,.T.);
#580=ORIENTED_EDGE('',*,*,#1059,.F.);
#581=ORIENTED_EDGE('',*,*,#1060,.F.);
#582=ORIENTED_EDGE('',*,*,#1061,.T.);
#583=ORIENTED_EDGE('',*,*,#1062,.F.);
#584=ORIENTED_EDGE('',*,*,#1063,.F.);
#585=ORIENTED_EDGE('',*,*,#1023,.T.);
#586=ORIENTED_EDGE('',*,*,#1064,.T.);
#587=ORIENTED_EDGE('',*,*,#1065,.T.);
#588=ORIENTED_EDGE('',*,*,#1066,.F.);
#589=ORIENTED_EDGE('',*,*,#1067,.F.);
#590=ORIENTED_EDGE('',*,*,#1068,.T.);
#591=ORIENTED_EDGE('',*,*,#1069,.T.);
#592=ORIENTED_EDGE('',*,*,#1070,.F.);
#593=ORIENTED_EDGE('',*,*,#1071,.F.);
#594=ORIENTED_EDGE('',*,*,#1072,.T.);
#595=ORIENTED_EDGE('',*,*,#1073,.T.);
#596=ORIENTED_EDGE('',*,*,#1074,.F.);
#597=ORIENTED_EDGE('',*,*,#1075,.T.);
#598=ORIENTED_EDGE('',*,*,#1076,.F.);
#599=ORIENTED_EDGE('',*,*,#1077,.F.);
#600=ORIENTED_EDGE('',*,*,#994,.F.);
#601=ORIENTED_EDGE('',*,*,#1078,.F.);
#602=ORIENTED_EDGE('',*,*,#1046,.F.);
#603=ORIENTED_EDGE('',*,*,#1079,.T.);
#604=ORIENTED_EDGE('',*,*,#1072,.F.);
#605=ORIENTED_EDGE('',*,*,#1080,.F.);
#606=ORIENTED_EDGE('',*,*,#1081,.F.);
#607=ORIENTED_EDGE('',*,*,#972,.F.);
#608=ORIENTED_EDGE('',*,*,#980,.T.);
#609=ORIENTED_EDGE('',*,*,#1082,.T.);
#610=ORIENTED_EDGE('',*,*,#1083,.F.);
#611=ORIENTED_EDGE('',*,*,#984,.F.);
#612=ORIENTED_EDGE('',*,*,#1050,.T.);
#613=ORIENTED_EDGE('',*,*,#1084,.T.);
#614=ORIENTED_EDGE('',*,*,#1085,.F.);
#615=ORIENTED_EDGE('',*,*,#1086,.F.);
#616=ORIENTED_EDGE('',*,*,#1087,.T.);
#617=ORIENTED_EDGE('',*,*,#1088,.T.);
#618=ORIENTED_EDGE('',*,*,#1089,.F.);
#619=ORIENTED_EDGE('',*,*,#1090,.F.);
#620=ORIENTED_EDGE('',*,*,#1091,.F.);
#621=ORIENTED_EDGE('',*,*,#1017,.T.);
#622=ORIENTED_EDGE('',*,*,#1092,.T.);
#623=ORIENTED_EDGE('',*,*,#1061,.F.);
#624=ORIENTED_EDGE('',*,*,#1022,.F.);
#625=ORIENTED_EDGE('',*,*,#1008,.T.);
#626=ORIENTED_EDGE('',*,*,#976,.T.);
#627=ORIENTED_EDGE('',*,*,#1093,.T.);
#628=ORIENTED_EDGE('',*,*,#1013,.F.);
#629=ORIENTED_EDGE('',*,*,#1094,.T.);
#630=ORIENTED_EDGE('',*,*,#1095,.F.);
#631=ORIENTED_EDGE('',*,*,#1096,.T.);
#632=ORIENTED_EDGE('',*,*,#1097,.T.);
#633=ORIENTED_EDGE('',*,*,#1098,.T.);
#634=ORIENTED_EDGE('',*,*,#1099,.F.);
#635=ORIENTED_EDGE('',*,*,#1100,.T.);
#636=ORIENTED_EDGE('',*,*,#1101,.F.);
#637=ORIENTED_EDGE('',*,*,#1102,.F.);
#638=ORIENTED_EDGE('',*,*,#1103,.T.);
#639=ORIENTED_EDGE('',*,*,#1104,.F.);
#640=ORIENTED_EDGE('',*,*,#1105,.T.);
#641=ORIENTED_EDGE('',*,*,#1048,.F.);
#642=ORIENTED_EDGE('',*,*,#1106,.T.);
#643=ORIENTED_EDGE('',*,*,#1076,.T.);
#644=ORIENTED_EDGE('',*,*,#1107,.T.);
#645=ORIENTED_EDGE('',*,*,#1053,.F.);
#646=ORIENTED_EDGE('',*,*,#1108,.T.);
#647=ORIENTED_EDGE('',*,*,#1109,.F.);
#648=ORIENTED_EDGE('',*,*,#1110,.F.);
#649=ORIENTED_EDGE('',*,*,#1111,.F.);
#650=ORIENTED_EDGE('',*,*,#1010,.T.);
#651=ORIENTED_EDGE('',*,*,#1091,.T.);
#652=ORIENTED_EDGE('',*,*,#1112,.T.);
#653=ORIENTED_EDGE('',*,*,#1100,.F.);
#654=ORIENTED_EDGE('',*,*,#1113,.F.);
#655=ORIENTED_EDGE('',*,*,#1114,.F.);
#656=ORIENTED_EDGE('',*,*,#1115,.T.);
#657=ORIENTED_EDGE('',*,*,#1096,.F.);
#658=ORIENTED_EDGE('',*,*,#1116,.F.);
#659=ORIENTED_EDGE('',*,*,#1117,.F.);
#660=ORIENTED_EDGE('',*,*,#1088,.F.);
#661=ORIENTED_EDGE('',*,*,#1118,.T.);
#662=ORIENTED_EDGE('',*,*,#1119,.T.);
#663=ORIENTED_EDGE('',*,*,#1120,.T.);
#664=ORIENTED_EDGE('',*,*,#1121,.T.);
#665=ORIENTED_EDGE('',*,*,#1122,.F.);
#666=ORIENTED_EDGE('',*,*,#1086,.T.);
#667=ORIENTED_EDGE('',*,*,#1123,.T.);
#668=ORIENTED_EDGE('',*,*,#1124,.F.);
#669=ORIENTED_EDGE('',*,*,#1125,.F.);
#670=ORIENTED_EDGE('',*,*,#1126,.T.);
#671=ORIENTED_EDGE('',*,*,#1127,.T.);
#672=ORIENTED_EDGE('',*,*,#1062,.T.);
#673=ORIENTED_EDGE('',*,*,#1092,.F.);
#674=ORIENTED_EDGE('',*,*,#1007,.F.);
#675=ORIENTED_EDGE('',*,*,#1128,.F.);
#676=ORIENTED_EDGE('',*,*,#1129,.F.);
#677=ORIENTED_EDGE('',*,*,#1130,.T.);
#678=ORIENTED_EDGE('',*,*,#1131,.T.);
#679=ORIENTED_EDGE('',*,*,#1005,.F.);
#680=ORIENTED_EDGE('',*,*,#1132,.F.);
#681=ORIENTED_EDGE('',*,*,#1133,.F.);
#682=ORIENTED_EDGE('',*,*,#1134,.T.);
#683=ORIENTED_EDGE('',*,*,#1135,.F.);
#684=ORIENTED_EDGE('',*,*,#1136,.F.);
#685=ORIENTED_EDGE('',*,*,#1137,.F.);
#686=ORIENTED_EDGE('',*,*,#1063,.T.);
#687=ORIENTED_EDGE('',*,*,#1134,.F.);
#688=ORIENTED_EDGE('',*,*,#1138,.F.);
#689=ORIENTED_EDGE('',*,*,#1024,.T.);
#690=ORIENTED_EDGE('',*,*,#1126,.F.);
#691=ORIENTED_EDGE('',*,*,#1139,.T.);
#692=ORIENTED_EDGE('',*,*,#1119,.F.);
#693=ORIENTED_EDGE('',*,*,#1140,.F.);
#694=ORIENTED_EDGE('',*,*,#1141,.T.);
#695=ORIENTED_EDGE('',*,*,#1142,.F.);
#696=ORIENTED_EDGE('',*,*,#1143,.F.);
#697=ORIENTED_EDGE('',*,*,#1140,.T.);
#698=ORIENTED_EDGE('',*,*,#1123,.F.);
#699=ORIENTED_EDGE('',*,*,#1085,.T.);
#700=ORIENTED_EDGE('',*,*,#1144,.T.);
#701=ORIENTED_EDGE('',*,*,#1104,.T.);
#702=ORIENTED_EDGE('',*,*,#1145,.F.);
#703=ORIENTED_EDGE('',*,*,#1146,.F.);
#704=ORIENTED_EDGE('',*,*,#1147,.F.);
#705=ORIENTED_EDGE('',*,*,#1148,.T.);
#706=ORIENTED_EDGE('',*,*,#1149,.T.);
#707=ORIENTED_EDGE('',*,*,#1124,.T.);
#708=ORIENTED_EDGE('',*,*,#1150,.F.);
#709=ORIENTED_EDGE('',*,*,#1151,.T.);
#710=ORIENTED_EDGE('',*,*,#1146,.T.);
#711=ORIENTED_EDGE('',*,*,#1152,.T.);
#712=ORIENTED_EDGE('',*,*,#1116,.T.);
#713=ORIENTED_EDGE('',*,*,#1122,.T.);
#714=ORIENTED_EDGE('',*,*,#1153,.T.);
#715=ORIENTED_EDGE('',*,*,#1154,.T.);
#716=ORIENTED_EDGE('',*,*,#1147,.T.);
#717=ORIENTED_EDGE('',*,*,#1118,.F.);
#718=ORIENTED_EDGE('',*,*,#1087,.F.);
#719=ORIENTED_EDGE('',*,*,#1112,.F.);
#720=ORIENTED_EDGE('',*,*,#1090,.T.);
#721=ORIENTED_EDGE('',*,*,#1155,.T.);
#722=ORIENTED_EDGE('',*,*,#1101,.T.);
#723=ORIENTED_EDGE('',*,*,#1117,.T.);
#724=ORIENTED_EDGE('',*,*,#1156,.T.);
#725=ORIENTED_EDGE('',*,*,#1102,.T.);
#726=ORIENTED_EDGE('',*,*,#1155,.F.);
#727=ORIENTED_EDGE('',*,*,#1089,.T.);
#728=ORIENTED_EDGE('',*,*,#1049,.F.);
#729=ORIENTED_EDGE('',*,*,#1105,.F.);
#730=ORIENTED_EDGE('',*,*,#1144,.F.);
#731=ORIENTED_EDGE('',*,*,#1084,.F.);
#732=ORIENTED_EDGE('',*,*,#1156,.F.);
#733=ORIENTED_EDGE('',*,*,#1152,.F.);
#734=ORIENTED_EDGE('',*,*,#1145,.T.);
#735=ORIENTED_EDGE('',*,*,#1103,.F.);
#736=ORIENTED_EDGE('',*,*,#1099,.T.);
#737=ORIENTED_EDGE('',*,*,#1157,.F.);
#738=ORIENTED_EDGE('',*,*,#1158,.F.);
#739=ORIENTED_EDGE('',*,*,#1113,.T.);
#740=ORIENTED_EDGE('',*,*,#1098,.F.);
#741=ORIENTED_EDGE('',*,*,#1159,.F.);
#742=ORIENTED_EDGE('',*,*,#1160,.T.);
#743=ORIENTED_EDGE('',*,*,#1157,.T.);
#744=ORIENTED_EDGE('',*,*,#1097,.F.);
#745=ORIENTED_EDGE('',*,*,#1115,.F.);
#746=ORIENTED_EDGE('',*,*,#1161,.T.);
#747=ORIENTED_EDGE('',*,*,#1159,.T.);
#748=ORIENTED_EDGE('',*,*,#999,.F.);
#749=ORIENTED_EDGE('',*,*,#1162,.T.);
#750=ORIENTED_EDGE('',*,*,#1001,.T.);
#751=ORIENTED_EDGE('',*,*,#1163,.T.);
#752=ORIENTED_EDGE('',*,*,#1158,.T.);
#753=ORIENTED_EDGE('',*,*,#1160,.F.);
#754=ORIENTED_EDGE('',*,*,#1161,.F.);
#755=ORIENTED_EDGE('',*,*,#1114,.T.);
#756=ORIENTED_EDGE('',*,*,#998,.F.);
#757=ORIENTED_EDGE('',*,*,#1162,.F.);
#758=ORIENTED_EDGE('',*,*,#1164,.F.);
#759=ORIENTED_EDGE('',*,*,#1054,.T.);
#760=ORIENTED_EDGE('',*,*,#1107,.F.);
#761=ORIENTED_EDGE('',*,*,#1075,.F.);
#762=ORIENTED_EDGE('',*,*,#1106,.F.);
#763=ORIENTED_EDGE('',*,*,#1047,.F.);
#764=ORIENTED_EDGE('',*,*,#1080,.T.);
#765=ORIENTED_EDGE('',*,*,#1077,.T.);
#766=ORIENTED_EDGE('',*,*,#995,.F.);
#767=ORIENTED_EDGE('',*,*,#1078,.T.);
#768=ORIENTED_EDGE('',*,*,#997,.T.);
#769=ORIENTED_EDGE('',*,*,#1165,.T.);
#770=ORIENTED_EDGE('',*,*,#1109,.T.);
#771=ORIENTED_EDGE('',*,*,#1166,.F.);
#772=ORIENTED_EDGE('',*,*,#1167,.F.);
#773=ORIENTED_EDGE('',*,*,#1014,.T.);
#774=ORIENTED_EDGE('',*,*,#1108,.F.);
#775=ORIENTED_EDGE('',*,*,#1052,.F.);
#776=ORIENTED_EDGE('',*,*,#1168,.T.);
#777=ORIENTED_EDGE('',*,*,#1166,.T.);
#778=ORIENTED_EDGE('',*,*,#991,.F.);
#779=ORIENTED_EDGE('',*,*,#1169,.T.);
#780=ORIENTED_EDGE('',*,*,#993,.T.);
#781=ORIENTED_EDGE('',*,*,#1170,.T.);
#782=ORIENTED_EDGE('',*,*,#1015,.F.);
#783=ORIENTED_EDGE('',*,*,#1167,.T.);
#784=ORIENTED_EDGE('',*,*,#1168,.F.);
#785=ORIENTED_EDGE('',*,*,#1051,.F.);
#786=ORIENTED_EDGE('',*,*,#990,.F.);
#787=ORIENTED_EDGE('',*,*,#1169,.F.);
#788=ORIENTED_EDGE('',*,*,#1170,.F.);
#789=ORIENTED_EDGE('',*,*,#992,.F.);
#790=ORIENTED_EDGE('',*,*,#1165,.F.);
#791=ORIENTED_EDGE('',*,*,#996,.F.);
#792=ORIENTED_EDGE('',*,*,#1163,.F.);
#793=ORIENTED_EDGE('',*,*,#1000,.F.);
#794=ORIENTED_EDGE('',*,*,#1095,.T.);
#795=ORIENTED_EDGE('',*,*,#1171,.F.);
#796=ORIENTED_EDGE('',*,*,#1172,.F.);
#797=ORIENTED_EDGE('',*,*,#1110,.T.);
#798=ORIENTED_EDGE('',*,*,#1094,.F.);
#799=ORIENTED_EDGE('',*,*,#1012,.F.);
#800=ORIENTED_EDGE('',*,*,#1173,.T.);
#801=ORIENTED_EDGE('',*,*,#1171,.T.);
#802=ORIENTED_EDGE('',*,*,#987,.F.);
#803=ORIENTED_EDGE('',*,*,#1174,.T.);
#804=ORIENTED_EDGE('',*,*,#989,.T.);
#805=ORIENTED_EDGE('',*,*,#1175,.T.);
#806=ORIENTED_EDGE('',*,*,#1111,.T.);
#807=ORIENTED_EDGE('',*,*,#1172,.T.);
#808=ORIENTED_EDGE('',*,*,#1173,.F.);
#809=ORIENTED_EDGE('',*,*,#1011,.F.);
#810=ORIENTED_EDGE('',*,*,#986,.F.);
#811=ORIENTED_EDGE('',*,*,#1174,.F.);
#812=ORIENTED_EDGE('',*,*,#1175,.F.);
#813=ORIENTED_EDGE('',*,*,#988,.F.);
#814=ORIENTED_EDGE('',*,*,#983,.F.);
#815=ORIENTED_EDGE('',*,*,#1176,.F.);
#816=ORIENTED_EDGE('',*,*,#985,.T.);
#817=ORIENTED_EDGE('',*,*,#1083,.T.);
#818=ORIENTED_EDGE('',*,*,#1176,.T.);
#819=ORIENTED_EDGE('',*,*,#982,.T.);
#820=ORIENTED_EDGE('',*,*,#979,.F.);
#821=ORIENTED_EDGE('',*,*,#1177,.T.);
#822=ORIENTED_EDGE('',*,*,#981,.T.);
#823=ORIENTED_EDGE('',*,*,#1082,.F.);
#824=ORIENTED_EDGE('',*,*,#978,.F.);
#825=ORIENTED_EDGE('',*,*,#1177,.F.);
#826=ORIENTED_EDGE('',*,*,#975,.F.);
#827=ORIENTED_EDGE('',*,*,#1178,.T.);
#828=ORIENTED_EDGE('',*,*,#977,.T.);
#829=ORIENTED_EDGE('',*,*,#1093,.F.);
#830=ORIENTED_EDGE('',*,*,#974,.F.);
#831=ORIENTED_EDGE('',*,*,#1178,.F.);
#832=ORIENTED_EDGE('',*,*,#971,.F.);
#833=ORIENTED_EDGE('',*,*,#1179,.F.);
#834=ORIENTED_EDGE('',*,*,#973,.T.);
#835=ORIENTED_EDGE('',*,*,#1081,.T.);
#836=ORIENTED_EDGE('',*,*,#1179,.T.);
#837=ORIENTED_EDGE('',*,*,#970,.T.);
#838=ORIENTED_EDGE('',*,*,#1180,.T.);
#839=ORIENTED_EDGE('',*,*,#1068,.F.);
#840=ORIENTED_EDGE('',*,*,#1181,.F.);
#841=ORIENTED_EDGE('',*,*,#1073,.F.);
#842=ORIENTED_EDGE('',*,*,#1079,.F.);
#843=ORIENTED_EDGE('',*,*,#1045,.F.);
#844=ORIENTED_EDGE('',*,*,#1055,.T.);
#845=ORIENTED_EDGE('',*,*,#1164,.T.);
#846=ORIENTED_EDGE('',*,*,#1074,.T.);
#847=ORIENTED_EDGE('',*,*,#1181,.T.);
#848=ORIENTED_EDGE('',*,*,#1071,.T.);
#849=ORIENTED_EDGE('',*,*,#1182,.F.);
#850=ORIENTED_EDGE('',*,*,#1056,.T.);
#851=ORIENTED_EDGE('',*,*,#1182,.T.);
#852=ORIENTED_EDGE('',*,*,#1070,.T.);
#853=ORIENTED_EDGE('',*,*,#1183,.F.);
#854=ORIENTED_EDGE('',*,*,#1183,.T.);
#855=ORIENTED_EDGE('',*,*,#1069,.F.);
#856=ORIENTED_EDGE('',*,*,#1180,.F.);
#857=ORIENTED_EDGE('',*,*,#1044,.F.);
#858=ORIENTED_EDGE('',*,*,#1184,.T.);
#859=ORIENTED_EDGE('',*,*,#1064,.F.);
#860=ORIENTED_EDGE('',*,*,#1185,.F.);
#861=ORIENTED_EDGE('',*,*,#1037,.F.);
#862=ORIENTED_EDGE('',*,*,#1038,.T.);
#863=ORIENTED_EDGE('',*,*,#1185,.T.);
#864=ORIENTED_EDGE('',*,*,#1067,.T.);
#865=ORIENTED_EDGE('',*,*,#1186,.F.);
#866=ORIENTED_EDGE('',*,*,#1039,.T.);
#867=ORIENTED_EDGE('',*,*,#1186,.T.);
#868=ORIENTED_EDGE('',*,*,#1066,.T.);
#869=ORIENTED_EDGE('',*,*,#1187,.F.);
#870=ORIENTED_EDGE('',*,*,#1187,.T.);
#871=ORIENTED_EDGE('',*,*,#1065,.F.);
#872=ORIENTED_EDGE('',*,*,#1184,.F.);
#873=ORIENTED_EDGE('',*,*,#1036,.F.);
#874=ORIENTED_EDGE('',*,*,#1188,.T.);
#875=ORIENTED_EDGE('',*,*,#1057,.F.);
#876=ORIENTED_EDGE('',*,*,#1189,.F.);
#877=ORIENTED_EDGE('',*,*,#1041,.F.);
#878=ORIENTED_EDGE('',*,*,#1042,.T.);
#879=ORIENTED_EDGE('',*,*,#1189,.T.);
#880=ORIENTED_EDGE('',*,*,#1060,.T.);
#881=ORIENTED_EDGE('',*,*,#1190,.F.);
#882=ORIENTED_EDGE('',*,*,#1043,.T.);
#883=ORIENTED_EDGE('',*,*,#1190,.T.);
#884=ORIENTED_EDGE('',*,*,#1059,.T.);
#885=ORIENTED_EDGE('',*,*,#1191,.F.);
#886=ORIENTED_EDGE('',*,*,#1191,.T.);
#887=ORIENTED_EDGE('',*,*,#1058,.F.);
#888=ORIENTED_EDGE('',*,*,#1188,.F.);
#889=ORIENTED_EDGE('',*,*,#1040,.F.);
#890=ORIENTED_EDGE('',*,*,#1192,.T.);
#891=ORIENTED_EDGE('',*,*,#1032,.F.);
#892=ORIENTED_EDGE('',*,*,#1193,.F.);
#893=ORIENTED_EDGE('',*,*,#1019,.F.);
#894=ORIENTED_EDGE('',*,*,#1020,.T.);
#895=ORIENTED_EDGE('',*,*,#1193,.T.);
#896=ORIENTED_EDGE('',*,*,#1035,.T.);
#897=ORIENTED_EDGE('',*,*,#1194,.F.);
#898=ORIENTED_EDGE('',*,*,#1021,.T.);
#899=ORIENTED_EDGE('',*,*,#1194,.T.);
#900=ORIENTED_EDGE('',*,*,#1034,.T.);
#901=ORIENTED_EDGE('',*,*,#1195,.F.);
#902=ORIENTED_EDGE('',*,*,#1195,.T.);
#903=ORIENTED_EDGE('',*,*,#1033,.F.);
#904=ORIENTED_EDGE('',*,*,#1192,.F.);
#905=ORIENTED_EDGE('',*,*,#1018,.F.);
#906=ORIENTED_EDGE('',*,*,#1127,.F.);
#907=ORIENTED_EDGE('',*,*,#1142,.T.);
#908=ORIENTED_EDGE('',*,*,#1196,.T.);
#909=ORIENTED_EDGE('',*,*,#1150,.T.);
#910=ORIENTED_EDGE('',*,*,#1141,.F.);
#911=ORIENTED_EDGE('',*,*,#1143,.T.);
#912=ORIENTED_EDGE('',*,*,#1151,.F.);
#913=ORIENTED_EDGE('',*,*,#1196,.F.);
#914=ORIENTED_EDGE('',*,*,#1120,.F.);
#915=ORIENTED_EDGE('',*,*,#1139,.F.);
#916=ORIENTED_EDGE('',*,*,#1125,.T.);
#917=ORIENTED_EDGE('',*,*,#1149,.F.);
#918=ORIENTED_EDGE('',*,*,#1197,.F.);
#919=ORIENTED_EDGE('',*,*,#1198,.T.);
#920=ORIENTED_EDGE('',*,*,#1121,.F.);
#921=ORIENTED_EDGE('',*,*,#1198,.F.);
#922=ORIENTED_EDGE('',*,*,#1199,.F.);
#923=ORIENTED_EDGE('',*,*,#1153,.F.);
#924=ORIENTED_EDGE('',*,*,#1148,.F.);
#925=ORIENTED_EDGE('',*,*,#1154,.F.);
#926=ORIENTED_EDGE('',*,*,#1199,.T.);
#927=ORIENTED_EDGE('',*,*,#1197,.T.);
#928=ORIENTED_EDGE('',*,*,#1029,.T.);
#929=ORIENTED_EDGE('',*,*,#1200,.T.);
#930=ORIENTED_EDGE('',*,*,#1130,.F.);
#931=ORIENTED_EDGE('',*,*,#1201,.F.);
#932=ORIENTED_EDGE('',*,*,#1006,.T.);
#933=ORIENTED_EDGE('',*,*,#1031,.F.);
#934=ORIENTED_EDGE('',*,*,#1202,.F.);
#935=ORIENTED_EDGE('',*,*,#1128,.T.);
#936=ORIENTED_EDGE('',*,*,#1030,.F.);
#937=ORIENTED_EDGE('',*,*,#1201,.T.);
#938=ORIENTED_EDGE('',*,*,#1129,.T.);
#939=ORIENTED_EDGE('',*,*,#1202,.T.);
#940=ORIENTED_EDGE('',*,*,#1004,.F.);
#941=ORIENTED_EDGE('',*,*,#1026,.F.);
#942=ORIENTED_EDGE('',*,*,#1203,.T.);
#943=ORIENTED_EDGE('',*,*,#1132,.T.);
#944=ORIENTED_EDGE('',*,*,#1203,.F.);
#945=ORIENTED_EDGE('',*,*,#1025,.F.);
#946=ORIENTED_EDGE('',*,*,#1138,.T.);
#947=ORIENTED_EDGE('',*,*,#1133,.T.);
#948=ORIENTED_EDGE('',*,*,#1131,.F.);
#949=ORIENTED_EDGE('',*,*,#1200,.F.);
#950=ORIENTED_EDGE('',*,*,#1204,.T.);
#951=ORIENTED_EDGE('',*,*,#1002,.T.);
#952=ORIENTED_EDGE('',*,*,#1135,.T.);
#953=ORIENTED_EDGE('',*,*,#1205,.F.);
#954=ORIENTED_EDGE('',*,*,#1206,.F.);
#955=ORIENTED_EDGE('',*,*,#1207,.T.);
#956=ORIENTED_EDGE('',*,*,#1136,.T.);
#957=ORIENTED_EDGE('',*,*,#1207,.F.);
#958=ORIENTED_EDGE('',*,*,#1208,.F.);
#959=ORIENTED_EDGE('',*,*,#1209,.T.);
#960=ORIENTED_EDGE('',*,*,#1137,.T.);
#961=ORIENTED_EDGE('',*,*,#1209,.F.);
#962=ORIENTED_EDGE('',*,*,#1210,.F.);
#963=ORIENTED_EDGE('',*,*,#1205,.T.);
#964=ORIENTED_EDGE('',*,*,#1206,.T.);
#965=ORIENTED_EDGE('',*,*,#1210,.T.);
#966=ORIENTED_EDGE('',*,*,#1208,.T.);
#967=ORIENTED_EDGE('',*,*,#1028,.T.);
#968=ORIENTED_EDGE('',*,*,#1027,.F.);
#969=ORIENTED_EDGE('',*,*,#1204,.F.);
#970=EDGE_CURVE('',#1211,#1212,#1371,.T.);
#971=EDGE_CURVE('',#1211,#1213,#472,.T.);
#972=EDGE_CURVE('',#1213,#1214,#1372,.T.);
#973=EDGE_CURVE('',#1212,#1214,#473,.T.);
#974=EDGE_CURVE('',#1215,#1216,#1373,.T.);
#975=EDGE_CURVE('',#1216,#1217,#474,.T.);
#976=EDGE_CURVE('',#1218,#1217,#1374,.T.);
#977=EDGE_CURVE('',#1215,#1218,#475,.T.);
#978=EDGE_CURVE('',#1219,#1220,#1375,.T.);
#979=EDGE_CURVE('',#1220,#1221,#476,.T.);
#980=EDGE_CURVE('',#1222,#1221,#1376,.T.);
#981=EDGE_CURVE('',#1219,#1222,#477,.T.);
#982=EDGE_CURVE('',#1223,#1224,#1377,.T.);
#983=EDGE_CURVE('',#1223,#1225,#478,.T.);
#984=EDGE_CURVE('',#1225,#1226,#1378,.T.);
#985=EDGE_CURVE('',#1224,#1226,#479,.T.);
#986=EDGE_CURVE('',#1227,#1228,#1379,.T.);
#987=EDGE_CURVE('',#1228,#1229,#480,.T.);
#988=EDGE_CURVE('',#1229,#1230,#1380,.F.);
#989=EDGE_CURVE('',#1227,#1230,#481,.T.);
#990=EDGE_CURVE('',#1231,#1232,#1381,.T.);
#991=EDGE_CURVE('',#1232,#1233,#482,.T.);
#992=EDGE_CURVE('',#1233,#1234,#1382,.F.);
#993=EDGE_CURVE('',#1231,#1234,#483,.T.);
#994=EDGE_CURVE('',#1235,#1236,#1383,.T.);
#995=EDGE_CURVE('',#1236,#1237,#484,.T.);
#996=EDGE_CURVE('',#1237,#1238,#1384,.F.);
#997=EDGE_CURVE('',#1235,#1238,#485,.T.);
#998=EDGE_CURVE('',#1239,#1240,#1385,.T.);
#999=EDGE_CURVE('',#1240,#1241,#486,.T.);
#1000=EDGE_CURVE('',#1241,#1242,#1386,.F.);
#1001=EDGE_CURVE('',#1239,#1242,#487,.T.);
#1002=EDGE_CURVE('',#1243,#1244,#12,.T.);
#1003=EDGE_CURVE('',#1245,#1243,#13,.T.);
#1004=EDGE_CURVE('',#1245,#1246,#14,.T.);
#1005=EDGE_CURVE('',#1246,#1244,#15,.T.);
#1006=EDGE_CURVE('',#1247,#1248,#16,.T.);
#1007=EDGE_CURVE('',#1247,#1249,#17,.T.);
#1008=EDGE_CURVE('',#1250,#1249,#18,.T.);
#1009=EDGE_CURVE('',#1248,#1250,#19,.T.);
#1010=EDGE_CURVE('',#1251,#1252,#20,.T.);
#1011=EDGE_CURVE('',#1251,#1253,#21,.T.);
#1012=EDGE_CURVE('',#1253,#1254,#22,.T.);
#1013=EDGE_CURVE('',#1254,#1255,#23,.T.);
#1014=EDGE_CURVE('',#1256,#1255,#24,.T.);
#1015=EDGE_CURVE('',#1256,#1257,#25,.T.);
#1016=EDGE_CURVE('',#1257,#1258,#26,.T.);
#1017=EDGE_CURVE('',#1252,#1258,#27,.T.);
#1018=EDGE_CURVE('',#1259,#1260,#28,.T.);
#1019=EDGE_CURVE('',#1260,#1261,#29,.T.);
#1020=EDGE_CURVE('',#1262,#1261,#30,.T.);
#1021=EDGE_CURVE('',#1259,#1262,#31,.T.);
#1022=EDGE_CURVE('',#1250,#1263,#32,.T.);
#1023=EDGE_CURVE('',#1264,#1263,#33,.T.);
#1024=EDGE_CURVE('',#1265,#1264,#34,.T.);
#1025=EDGE_CURVE('',#1265,#1266,#35,.T.);
#1026=EDGE_CURVE('',#1266,#1245,#36,.T.);
#1027=EDGE_CURVE('',#1243,#1267,#37,.T.);
#1028=EDGE_CURVE('',#1268,#1267,#38,.T.);
#1029=EDGE_CURVE('',#1269,#1268,#39,.T.);
#1030=EDGE_CURVE('',#1269,#1270,#40,.T.);
#1031=EDGE_CURVE('',#1270,#1248,#41,.T.);
#1032=EDGE_CURVE('',#1271,#1272,#42,.T.);
#1033=EDGE_CURVE('',#1272,#1273,#43,.T.);
#1034=EDGE_CURVE('',#1274,#1273,#44,.T.);
#1035=EDGE_CURVE('',#1271,#1274,#45,.T.);
#1036=EDGE_CURVE('',#1275,#1276,#46,.T.);
#1037=EDGE_CURVE('',#1276,#1277,#47,.T.);
#1038=EDGE_CURVE('',#1278,#1277,#48,.T.);
#1039=EDGE_CURVE('',#1275,#1278,#49,.T.);
#1040=EDGE_CURVE('',#1279,#1280,#50,.T.);
#1041=EDGE_CURVE('',#1280,#1281,#51,.T.);
#1042=EDGE_CURVE('',#1282,#1281,#52,.T.);
#1043=EDGE_CURVE('',#1279,#1282,#53,.T.);
#1044=EDGE_CURVE('',#1283,#1284,#54,.T.);
#1045=EDGE_CURVE('',#1284,#1285,#55,.T.);
#1046=EDGE_CURVE('',#1285,#1286,#56,.T.);
#1047=EDGE_CURVE('',#1286,#1287,#57,.T.);
#1048=EDGE_CURVE('',#1287,#1288,#58,.T.);
#1049=EDGE_CURVE('',#1288,#1289,#59,.T.);
#1050=EDGE_CURVE('',#1258,#1289,#60,.T.);
#1051=EDGE_CURVE('',#1257,#1290,#61,.T.);
#1052=EDGE_CURVE('',#1290,#1291,#62,.T.);
#1053=EDGE_CURVE('',#1291,#1292,#63,.T.);
#1054=EDGE_CURVE('',#1293,#1292,#64,.T.);
#1055=EDGE_CURVE('',#1294,#1293,#65,.T.);
#1056=EDGE_CURVE('',#1283,#1294,#66,.T.);
#1057=EDGE_CURVE('',#1295,#1296,#67,.T.);
#1058=EDGE_CURVE('',#1296,#1297,#68,.T.);
#1059=EDGE_CURVE('',#1298,#1297,#69,.T.);
#1060=EDGE_CURVE('',#1295,#1298,#70,.T.);
#1061=EDGE_CURVE('',#1263,#1299,#71,.T.);
#1062=EDGE_CURVE('',#1300,#1299,#72,.T.);
#1063=EDGE_CURVE('',#1264,#1300,#73,.T.);
#1064=EDGE_CURVE('',#1301,#1302,#74,.T.);
#1065=EDGE_CURVE('',#1302,#1303,#75,.T.);
#1066=EDGE_CURVE('',#1304,#1303,#76,.T.);
#1067=EDGE_CURVE('',#1301,#1304,#77,.T.);
#1068=EDGE_CURVE('',#1305,#1306,#78,.T.);
#1069=EDGE_CURVE('',#1306,#1307,#79,.T.);
#1070=EDGE_CURVE('',#1308,#1307,#80,.T.);
#1071=EDGE_CURVE('',#1305,#1308,#81,.T.);
#1072=EDGE_CURVE('',#1309,#1310,#82,.T.);
#1073=EDGE_CURVE('',#1310,#1311,#83,.T.);
#1074=EDGE_CURVE('',#1312,#1311,#84,.T.);
#1075=EDGE_CURVE('',#1312,#1313,#85,.T.);
#1076=EDGE_CURVE('',#1314,#1313,#86,.T.);
#1077=EDGE_CURVE('',#1309,#1314,#87,.T.);
#1078=EDGE_CURVE('',#1236,#1235,#1387,.T.);
#1079=EDGE_CURVE('',#1285,#1310,#88,.T.);
#1080=EDGE_CURVE('',#1286,#1309,#89,.T.);
#1081=EDGE_CURVE('',#1214,#1213,#1388,.T.);
#1082=EDGE_CURVE('',#1221,#1222,#1389,.T.);
#1083=EDGE_CURVE('',#1226,#1225,#1390,.T.);
#1084=EDGE_CURVE('',#1289,#1315,#90,.T.);
#1085=EDGE_CURVE('',#1316,#1315,#91,.T.);
#1086=EDGE_CURVE('',#1317,#1316,#92,.T.);
#1087=EDGE_CURVE('',#1317,#1318,#93,.T.);
#1088=EDGE_CURVE('',#1318,#1319,#94,.T.);
#1089=EDGE_CURVE('',#1320,#1319,#95,.T.);
#1090=EDGE_CURVE('',#1321,#1320,#96,.T.);
#1091=EDGE_CURVE('',#1252,#1321,#97,.T.);
#1092=EDGE_CURVE('',#1249,#1299,#98,.T.);
#1093=EDGE_CURVE('',#1217,#1218,#1391,.T.);
#1094=EDGE_CURVE('',#1254,#1322,#99,.T.);
#1095=EDGE_CURVE('',#1323,#1322,#100,.T.);
#1096=EDGE_CURVE('',#1323,#1324,#101,.T.);
#1097=EDGE_CURVE('',#1324,#1325,#102,.T.);
#1098=EDGE_CURVE('',#1325,#1326,#103,.T.);
#1099=EDGE_CURVE('',#1327,#1326,#104,.T.);
#1100=EDGE_CURVE('',#1327,#1328,#105,.T.);
#1101=EDGE_CURVE('',#1329,#1328,#106,.T.);
#1102=EDGE_CURVE('',#1330,#1329,#107,.T.);
#1103=EDGE_CURVE('',#1330,#1331,#108,.T.);
#1104=EDGE_CURVE('',#1332,#1331,#109,.T.);
#1105=EDGE_CURVE('',#1332,#1288,#110,.T.);
#1106=EDGE_CURVE('',#1287,#1314,#111,.T.);
#1107=EDGE_CURVE('',#1313,#1292,#112,.T.);
#1108=EDGE_CURVE('',#1291,#1333,#113,.T.);
#1109=EDGE_CURVE('',#1255,#1333,#114,.T.);
#1110=EDGE_CURVE('',#1334,#1323,#115,.T.);
#1111=EDGE_CURVE('',#1251,#1334,#116,.T.);
#1112=EDGE_CURVE('',#1321,#1328,#117,.T.);
#1113=EDGE_CURVE('',#1335,#1327,#118,.T.);
#1114=EDGE_CURVE('',#1336,#1335,#119,.T.);
#1115=EDGE_CURVE('',#1336,#1324,#120,.T.);
#1116=EDGE_CURVE('',#1337,#1338,#121,.T.);
#1117=EDGE_CURVE('',#1319,#1337,#122,.T.);
#1118=EDGE_CURVE('',#1318,#1338,#123,.T.);
#1119=EDGE_CURVE('',#1339,#1340,#124,.T.);
#1120=EDGE_CURVE('',#1340,#1341,#125,.T.);
#1121=EDGE_CURVE('',#1341,#1342,#126,.T.);
#1122=EDGE_CURVE('',#1317,#1342,#127,.T.);
#1123=EDGE_CURVE('',#1316,#1339,#128,.T.);
#1124=EDGE_CURVE('',#1343,#1344,#129,.T.);
#1125=EDGE_CURVE('',#1345,#1343,#130,.T.);
#1126=EDGE_CURVE('',#1345,#1346,#131,.T.);
#1127=EDGE_CURVE('',#1346,#1344,#132,.T.);
#1128=EDGE_CURVE('',#1347,#1247,#133,.T.);
#1129=EDGE_CURVE('',#1348,#1347,#134,.T.);
#1130=EDGE_CURVE('',#1348,#1349,#135,.T.);
#1131=EDGE_CURVE('',#1349,#1244,#136,.T.);
#1132=EDGE_CURVE('',#1350,#1246,#137,.T.);
#1133=EDGE_CURVE('',#1351,#1350,#138,.T.);
#1134=EDGE_CURVE('',#1351,#1300,#139,.T.);
#1135=EDGE_CURVE('',#1352,#1353,#140,.T.);
#1136=EDGE_CURVE('',#1354,#1352,#141,.T.);
#1137=EDGE_CURVE('',#1353,#1354,#142,.T.);
#1138=EDGE_CURVE('',#1265,#1351,#143,.T.);
#1139=EDGE_CURVE('',#1345,#1340,#144,.T.);
#1140=EDGE_CURVE('',#1355,#1339,#145,.T.);
#1141=EDGE_CURVE('',#1355,#1356,#146,.T.);
#1142=EDGE_CURVE('',#1346,#1356,#147,.T.);
#1143=EDGE_CURVE('',#1355,#1357,#148,.T.);
#1144=EDGE_CURVE('',#1315,#1332,#149,.T.);
#1145=EDGE_CURVE('',#1358,#1331,#150,.T.);
#1146=EDGE_CURVE('',#1357,#1358,#151,.T.);
#1147=EDGE_CURVE('',#1359,#1338,#152,.T.);
#1148=EDGE_CURVE('',#1359,#1360,#153,.T.);
#1149=EDGE_CURVE('',#1360,#1343,#154,.T.);
#1150=EDGE_CURVE('',#1361,#1344,#155,.T.);
#1151=EDGE_CURVE('',#1361,#1357,#156,.T.);
#1152=EDGE_CURVE('',#1358,#1337,#157,.T.);
#1153=EDGE_CURVE('',#1342,#1362,#158,.T.);
#1154=EDGE_CURVE('',#1362,#1359,#159,.T.);
#1155=EDGE_CURVE('',#1320,#1329,#160,.T.);
#1156=EDGE_CURVE('',#1337,#1330,#161,.T.);
#1157=EDGE_CURVE('',#1363,#1326,#162,.T.);
#1158=EDGE_CURVE('',#1335,#1363,#163,.T.);
#1159=EDGE_CURVE('',#1364,#1325,#164,.T.);
#1160=EDGE_CURVE('',#1364,#1363,#165,.T.);
#1161=EDGE_CURVE('',#1336,#1364,#166,.T.);
#1162=EDGE_CURVE('',#1240,#1239,#1392,.T.);
#1163=EDGE_CURVE('',#1242,#1241,#1393,.F.);
#1164=EDGE_CURVE('',#1293,#1312,#167,.T.);
#1165=EDGE_CURVE('',#1238,#1237,#1394,.F.);
#1166=EDGE_CURVE('',#1365,#1333,#168,.T.);
#1167=EDGE_CURVE('',#1256,#1365,#169,.T.);
#1168=EDGE_CURVE('',#1290,#1365,#170,.T.);
#1169=EDGE_CURVE('',#1232,#1231,#1395,.T.);
#1170=EDGE_CURVE('',#1234,#1233,#1396,.F.);
#1171=EDGE_CURVE('',#1366,#1322,#171,.T.);
#1172=EDGE_CURVE('',#1334,#1366,#172,.T.);
#1173=EDGE_CURVE('',#1253,#1366,#173,.T.);
#1174=EDGE_CURVE('',#1228,#1227,#1397,.T.);
#1175=EDGE_CURVE('',#1230,#1229,#1398,.F.);
#1176=EDGE_CURVE('',#1224,#1223,#1399,.T.);
#1177=EDGE_CURVE('',#1220,#1219,#1400,.T.);
#1178=EDGE_CURVE('',#1216,#1215,#1401,.T.);
#1179=EDGE_CURVE('',#1212,#1211,#1402,.T.);
#1180=EDGE_CURVE('',#1284,#1306,#174,.T.);
#1181=EDGE_CURVE('',#1311,#1305,#175,.T.);
#1182=EDGE_CURVE('',#1294,#1308,#176,.T.);
#1183=EDGE_CURVE('',#1283,#1307,#177,.T.);
#1184=EDGE_CURVE('',#1276,#1302,#178,.T.);
#1185=EDGE_CURVE('',#1277,#1301,#179,.T.);
#1186=EDGE_CURVE('',#1278,#1304,#180,.T.);
#1187=EDGE_CURVE('',#1275,#1303,#181,.T.);
#1188=EDGE_CURVE('',#1280,#1296,#182,.T.);
#1189=EDGE_CURVE('',#1281,#1295,#183,.T.);
#1190=EDGE_CURVE('',#1282,#1298,#184,.T.);
#1191=EDGE_CURVE('',#1279,#1297,#185,.T.);
#1192=EDGE_CURVE('',#1260,#1272,#186,.T.);
#1193=EDGE_CURVE('',#1261,#1271,#187,.T.);
#1194=EDGE_CURVE('',#1262,#1274,#188,.T.);
#1195=EDGE_CURVE('',#1259,#1273,#189,.T.);
#1196=EDGE_CURVE('',#1356,#1361,#190,.T.);
#1197=EDGE_CURVE('',#1367,#1360,#191,.T.);
#1198=EDGE_CURVE('',#1367,#1341,#192,.T.);
#1199=EDGE_CURVE('',#1362,#1367,#193,.T.);
#1200=EDGE_CURVE('',#1268,#1349,#194,.T.);
#1201=EDGE_CURVE('',#1269,#1348,#195,.T.);
#1202=EDGE_CURVE('',#1347,#1270,#196,.T.);
#1203=EDGE_CURVE('',#1266,#1350,#197,.T.);
#1204=EDGE_CURVE('',#1268,#1243,#198,.T.);
#1205=EDGE_CURVE('',#1368,#1353,#199,.T.);
#1206=EDGE_CURVE('',#1369,#1368,#200,.T.);
#1207=EDGE_CURVE('',#1369,#1352,#201,.T.);
#1208=EDGE_CURVE('',#1370,#1369,#202,.T.);
#1209=EDGE_CURVE('',#1370,#1354,#203,.T.);
#1210=EDGE_CURVE('',#1368,#1370,#204,.T.);
#1211=VERTEX_POINT('',#2041);
#1212=VERTEX_POINT('',#2042);
#1213=VERTEX_POINT('',#2045);
#1214=VERTEX_POINT('',#2047);
#1215=VERTEX_POINT('',#2059);
#1216=VERTEX_POINT('',#2060);
#1217=VERTEX_POINT('',#2063);
#1218=VERTEX_POINT('',#2065);
#1219=VERTEX_POINT('',#2077);
#1220=VERTEX_POINT('',#2078);
#1221=VERTEX_POINT('',#2081);
#1222=VERTEX_POINT('',#2083);
#1223=VERTEX_POINT('',#2095);
#1224=VERTEX_POINT('',#2096);
#1225=VERTEX_POINT('',#2099);
#1226=VERTEX_POINT('',#2101);
#1227=VERTEX_POINT('',#2113);
#1228=VERTEX_POINT('',#2114);
#1229=VERTEX_POINT('',#2117);
#1230=VERTEX_POINT('',#2119);
#1231=VERTEX_POINT('',#2131);
#1232=VERTEX_POINT('',#2132);
#1233=VERTEX_POINT('',#2135);
#1234=VERTEX_POINT('',#2137);
#1235=VERTEX_POINT('',#2149);
#1236=VERTEX_POINT('',#2150);
#1237=VERTEX_POINT('',#2153);
#1238=VERTEX_POINT('',#2155);
#1239=VERTEX_POINT('',#2167);
#1240=VERTEX_POINT('',#2168);
#1241=VERTEX_POINT('',#2171);
#1242=VERTEX_POINT('',#2173);
#1243=VERTEX_POINT('',#2181);
#1244=VERTEX_POINT('',#2182);
#1245=VERTEX_POINT('',#2184);
#1246=VERTEX_POINT('',#2186);
#1247=VERTEX_POINT('',#2193);
#1248=VERTEX_POINT('',#2194);
#1249=VERTEX_POINT('',#2196);
#1250=VERTEX_POINT('',#2198);
#1251=VERTEX_POINT('',#2205);
#1252=VERTEX_POINT('',#2206);
#1253=VERTEX_POINT('',#2208);
#1254=VERTEX_POINT('',#2210);
#1255=VERTEX_POINT('',#2212);
#1256=VERTEX_POINT('',#2214);
#1257=VERTEX_POINT('',#2216);
#1258=VERTEX_POINT('',#2218);
#1259=VERTEX_POINT('',#2221);
#1260=VERTEX_POINT('',#2222);
#1261=VERTEX_POINT('',#2224);
#1262=VERTEX_POINT('',#2226);
#1263=VERTEX_POINT('',#2233);
#1264=VERTEX_POINT('',#2235);
#1265=VERTEX_POINT('',#2237);
#1266=VERTEX_POINT('',#2239);
#1267=VERTEX_POINT('',#2242);
#1268=VERTEX_POINT('',#2244);
#1269=VERTEX_POINT('',#2246);
#1270=VERTEX_POINT('',#2248);
#1271=VERTEX_POINT('',#2251);
#1272=VERTEX_POINT('',#2252);
#1273=VERTEX_POINT('',#2254);
#1274=VERTEX_POINT('',#2256);
#1275=VERTEX_POINT('',#2263);
#1276=VERTEX_POINT('',#2264);
#1277=VERTEX_POINT('',#2266);
#1278=VERTEX_POINT('',#2268);
#1279=VERTEX_POINT('',#2271);
#1280=VERTEX_POINT('',#2272);
#1281=VERTEX_POINT('',#2274);
#1282=VERTEX_POINT('',#2276);
#1283=VERTEX_POINT('',#2279);
#1284=VERTEX_POINT('',#2280);
#1285=VERTEX_POINT('',#2282);
#1286=VERTEX_POINT('',#2284);
#1287=VERTEX_POINT('',#2286);
#1288=VERTEX_POINT('',#2288);
#1289=VERTEX_POINT('',#2290);
#1290=VERTEX_POINT('',#2293);
#1291=VERTEX_POINT('',#2295);
#1292=VERTEX_POINT('',#2297);
#1293=VERTEX_POINT('',#2299);
#1294=VERTEX_POINT('',#2301);
#1295=VERTEX_POINT('',#2308);
#1296=VERTEX_POINT('',#2309);
#1297=VERTEX_POINT('',#2311);
#1298=VERTEX_POINT('',#2313);
#1299=VERTEX_POINT('',#2316);
#1300=VERTEX_POINT('',#2318);
#1301=VERTEX_POINT('',#2321);
#1302=VERTEX_POINT('',#2322);
#1303=VERTEX_POINT('',#2324);
#1304=VERTEX_POINT('',#2326);
#1305=VERTEX_POINT('',#2329);
#1306=VERTEX_POINT('',#2330);
#1307=VERTEX_POINT('',#2332);
#1308=VERTEX_POINT('',#2334);
#1309=VERTEX_POINT('',#2341);
#1310=VERTEX_POINT('',#2342);
#1311=VERTEX_POINT('',#2344);
#1312=VERTEX_POINT('',#2346);
#1313=VERTEX_POINT('',#2348);
#1314=VERTEX_POINT('',#2350);
#1315=VERTEX_POINT('',#2367);
#1316=VERTEX_POINT('',#2369);
#1317=VERTEX_POINT('',#2371);
#1318=VERTEX_POINT('',#2373);
#1319=VERTEX_POINT('',#2375);
#1320=VERTEX_POINT('',#2377);
#1321=VERTEX_POINT('',#2379);
#1322=VERTEX_POINT('',#2388);
#1323=VERTEX_POINT('',#2390);
#1324=VERTEX_POINT('',#2392);
#1325=VERTEX_POINT('',#2394);
#1326=VERTEX_POINT('',#2396);
#1327=VERTEX_POINT('',#2398);
#1328=VERTEX_POINT('',#2400);
#1329=VERTEX_POINT('',#2402);
#1330=VERTEX_POINT('',#2404);
#1331=VERTEX_POINT('',#2406);
#1332=VERTEX_POINT('',#2408);
#1333=VERTEX_POINT('',#2413);
#1334=VERTEX_POINT('',#2420);
#1335=VERTEX_POINT('',#2424);
#1336=VERTEX_POINT('',#2426);
#1337=VERTEX_POINT('',#2433);
#1338=VERTEX_POINT('',#2434);
#1339=VERTEX_POINT('',#2442);
#1340=VERTEX_POINT('',#2443);
#1341=VERTEX_POINT('',#2445);
#1342=VERTEX_POINT('',#2447);
#1343=VERTEX_POINT('',#2455);
#1344=VERTEX_POINT('',#2456);
#1345=VERTEX_POINT('',#2458);
#1346=VERTEX_POINT('',#2460);
#1347=VERTEX_POINT('',#2463);
#1348=VERTEX_POINT('',#2465);
#1349=VERTEX_POINT('',#2467);
#1350=VERTEX_POINT('',#2470);
#1351=VERTEX_POINT('',#2472);
#1352=VERTEX_POINT('',#2475);
#1353=VERTEX_POINT('',#2476);
#1354=VERTEX_POINT('',#2478);
#1355=VERTEX_POINT('',#2491);
#1356=VERTEX_POINT('',#2493);
#1357=VERTEX_POINT('',#2500);
#1358=VERTEX_POINT('',#2503);
#1359=VERTEX_POINT('',#2510);
#1360=VERTEX_POINT('',#2512);
#1361=VERTEX_POINT('',#2515);
#1362=VERTEX_POINT('',#2523);
#1363=VERTEX_POINT('',#2548);
#1364=VERTEX_POINT('',#2555);
#1365=VERTEX_POINT('',#2599);
#1366=VERTEX_POINT('',#2637);
#1367=VERTEX_POINT('',#2808);
#1368=VERTEX_POINT('',#2853);
#1369=VERTEX_POINT('',#2855);
#1370=VERTEX_POINT('',#2862);
#1371=CIRCLE('',#1740,0.0023);
#1372=CIRCLE('',#1741,0.0023);
#1373=CIRCLE('',#1742,0.0023);
#1374=CIRCLE('',#1743,0.0023);
#1375=CIRCLE('',#1744,0.0023);
#1376=CIRCLE('',#1745,0.0023);
#1377=CIRCLE('',#1746,0.0023);
#1378=CIRCLE('',#1747,0.0023);
#1379=CIRCLE('',#1748,0.0023);
#1380=CIRCLE('',#1749,0.0023);
#1381=CIRCLE('',#1750,0.0023);
#1382=CIRCLE('',#1751,0.0023);
#1383=CIRCLE('',#1752,0.0023);
#1384=CIRCLE('',#1753,0.0023);
#1385=CIRCLE('',#1754,0.0023);
#1386=CIRCLE('',#1755,0.0023);
#1387=CIRCLE('',#1756,0.0023);
#1388=CIRCLE('',#1757,0.0023);
#1389=CIRCLE('',#1758,0.0023);
#1390=CIRCLE('',#1759,0.0023);
#1391=CIRCLE('',#1760,0.0023);
#1392=CIRCLE('',#1761,0.0023);
#1393=CIRCLE('',#1762,0.0023);
#1394=CIRCLE('',#1763,0.0023);
#1395=CIRCLE('',#1764,0.0023);
#1396=CIRCLE('',#1765,0.0023);
#1397=CIRCLE('',#1766,0.0023);
#1398=CIRCLE('',#1767,0.0023);
#1399=CIRCLE('',#1768,0.0023);
#1400=CIRCLE('',#1769,0.0023);
#1401=CIRCLE('',#1770,0.0023);
#1402=CIRCLE('',#1771,0.0023);
#1403=EDGE_LOOP('',(#488,#489,#490,#491));
#1404=EDGE_LOOP('',(#492,#493,#494,#495));
#1405=EDGE_LOOP('',(#496,#497,#498,#499));
#1406=EDGE_LOOP('',(#500,#501,#502,#503));
#1407=EDGE_LOOP('',(#504,#505,#506,#507));
#1408=EDGE_LOOP('',(#508,#509,#510,#511));
#1409=EDGE_LOOP('',(#512,#513,#514,#515));
#1410=EDGE_LOOP('',(#516,#517,#518,#519));
#1411=EDGE_LOOP('',(#520,#521,#522,#523));
#1412=EDGE_LOOP('',(#524,#525,#526,#527));
#1413=EDGE_LOOP('',(#528,#529,#530,#531,#532,#533,#534,#535));
#1414=EDGE_LOOP('',(#536,#537,#538,#539));
#1415=EDGE_LOOP('',(#540,#541,#542,#543,#544,#545,#546,#547,#548,#549,#550,
#551));
#1416=EDGE_LOOP('',(#552,#553,#554,#555));
#1417=EDGE_LOOP('',(#556,#557,#558,#559));
#1418=EDGE_LOOP('',(#560,#561,#562,#563));
#1419=EDGE_LOOP('',(#564,#565,#566,#567,#568,#569,#570,#571,#572,#573,#574,
#575,#576,#577));
#1420=EDGE_LOOP('',(#578,#579,#580,#581));
#1421=EDGE_LOOP('',(#582,#583,#584,#585));
#1422=EDGE_LOOP('',(#586,#587,#588,#589));
#1423=EDGE_LOOP('',(#590,#591,#592,#593));
#1424=EDGE_LOOP('',(#594,#595,#596,#597,#598,#599));
#1425=EDGE_LOOP('',(#600,#601));
#1426=EDGE_LOOP('',(#602,#603,#604,#605));
#1427=EDGE_LOOP('',(#606,#607));
#1428=EDGE_LOOP('',(#608,#609));
#1429=EDGE_LOOP('',(#610,#611));
#1430=EDGE_LOOP('',(#612,#613,#614,#615,#616,#617,#618,#619,#620,#621));
#1431=EDGE_LOOP('',(#622,#623,#624,#625));
#1432=EDGE_LOOP('',(#626,#627));
#1433=EDGE_LOOP('',(#628,#629,#630,#631,#632,#633,#634,#635,#636,#637,#638,
#639,#640,#641,#642,#643,#644,#645,#646,#647));
#1434=EDGE_LOOP('',(#648,#649,#650,#651,#652,#653,#654,#655,#656,#657));
#1435=EDGE_LOOP('',(#658,#659,#660,#661));
#1436=EDGE_LOOP('',(#662,#663,#664,#665,#666,#667));
#1437=EDGE_LOOP('',(#668,#669,#670,#671));
#1438=EDGE_LOOP('',(#672,#673,#674,#675,#676,#677,#678,#679,#680,#681,#682));
#1439=EDGE_LOOP('',(#683,#684,#685));
#1440=EDGE_LOOP('',(#686,#687,#688,#689));
#1441=EDGE_LOOP('',(#690,#691,#692,#693,#694,#695));
#1442=EDGE_LOOP('',(#696,#697,#698,#699,#700,#701,#702,#703));
#1443=EDGE_LOOP('',(#704,#705,#706,#707,#708,#709,#710,#711,#712));
#1444=EDGE_LOOP('',(#713,#714,#715,#716,#717,#718));
#1445=EDGE_LOOP('',(#719,#720,#721,#722));
#1446=EDGE_LOOP('',(#723,#724,#725,#726,#727));
#1447=EDGE_LOOP('',(#728,#729,#730,#731));
#1448=EDGE_LOOP('',(#732,#733,#734,#735));
#1449=EDGE_LOOP('',(#736,#737,#738,#739));
#1450=EDGE_LOOP('',(#740,#741,#742,#743));
#1451=EDGE_LOOP('',(#744,#745,#746,#747));
#1452=EDGE_LOOP('',(#748,#749,#750,#751));
#1453=EDGE_LOOP('',(#752,#753,#754,#755));
#1454=EDGE_LOOP('',(#756,#757));
#1455=EDGE_LOOP('',(#758,#759,#760,#761));
#1456=EDGE_LOOP('',(#762,#763,#764,#765));
#1457=EDGE_LOOP('',(#766,#767,#768,#769));
#1458=EDGE_LOOP('',(#770,#771,#772,#773));
#1459=EDGE_LOOP('',(#774,#775,#776,#777));
#1460=EDGE_LOOP('',(#778,#779,#780,#781));
#1461=EDGE_LOOP('',(#782,#783,#784,#785));
#1462=EDGE_LOOP('',(#786,#787));
#1463=EDGE_LOOP('',(#788,#789));
#1464=EDGE_LOOP('',(#790,#791));
#1465=EDGE_LOOP('',(#792,#793));
#1466=EDGE_LOOP('',(#794,#795,#796,#797));
#1467=EDGE_LOOP('',(#798,#799,#800,#801));
#1468=EDGE_LOOP('',(#802,#803,#804,#805));
#1469=EDGE_LOOP('',(#806,#807,#808,#809));
#1470=EDGE_LOOP('',(#810,#811));
#1471=EDGE_LOOP('',(#812,#813));
#1472=EDGE_LOOP('',(#814,#815,#816,#817));
#1473=EDGE_LOOP('',(#818,#819));
#1474=EDGE_LOOP('',(#820,#821,#822,#823));
#1475=EDGE_LOOP('',(#824,#825));
#1476=EDGE_LOOP('',(#826,#827,#828,#829));
#1477=EDGE_LOOP('',(#830,#831));
#1478=EDGE_LOOP('',(#832,#833,#834,#835));
#1479=EDGE_LOOP('',(#836,#837));
#1480=EDGE_LOOP('',(#838,#839,#840,#841,#842,#843));
#1481=EDGE_LOOP('',(#844,#845,#846,#847,#848,#849));
#1482=EDGE_LOOP('',(#850,#851,#852,#853));
#1483=EDGE_LOOP('',(#854,#855,#856,#857));
#1484=EDGE_LOOP('',(#858,#859,#860,#861));
#1485=EDGE_LOOP('',(#862,#863,#864,#865));
#1486=EDGE_LOOP('',(#866,#867,#868,#869));
#1487=EDGE_LOOP('',(#870,#871,#872,#873));
#1488=EDGE_LOOP('',(#874,#875,#876,#877));
#1489=EDGE_LOOP('',(#878,#879,#880,#881));
#1490=EDGE_LOOP('',(#882,#883,#884,#885));
#1491=EDGE_LOOP('',(#886,#887,#888,#889));
#1492=EDGE_LOOP('',(#890,#891,#892,#893));
#1493=EDGE_LOOP('',(#894,#895,#896,#897));
#1494=EDGE_LOOP('',(#898,#899,#900,#901));
#1495=EDGE_LOOP('',(#902,#903,#904,#905));
#1496=EDGE_LOOP('',(#906,#907,#908,#909));
#1497=EDGE_LOOP('',(#910,#911,#912,#913));
#1498=EDGE_LOOP('',(#914,#915,#916,#917,#918,#919));
#1499=EDGE_LOOP('',(#920,#921,#922,#923));
#1500=EDGE_LOOP('',(#924,#925,#926,#927));
#1501=EDGE_LOOP('',(#928,#929,#930,#931));
#1502=EDGE_LOOP('',(#932,#933,#934,#935));
#1503=EDGE_LOOP('',(#936,#937,#938,#939));
#1504=EDGE_LOOP('',(#940,#941,#942,#943));
#1505=EDGE_LOOP('',(#944,#945,#946,#947));
#1506=EDGE_LOOP('',(#948,#949,#950,#951));
#1507=EDGE_LOOP('',(#952,#953,#954,#955));
#1508=EDGE_LOOP('',(#956,#957,#958,#959));
#1509=EDGE_LOOP('',(#960,#961,#962,#963));
#1510=EDGE_LOOP('',(#964,#965,#966));
#1511=EDGE_LOOP('',(#967,#968,#969));
#1512=FACE_BOUND('',#1403,.T.);
#1513=FACE_BOUND('',#1404,.T.);
#1514=FACE_BOUND('',#1405,.T.);
#1515=FACE_BOUND('',#1406,.T.);
#1516=FACE_BOUND('',#1407,.T.);
#1517=FACE_BOUND('',#1408,.T.);
#1518=FACE_BOUND('',#1409,.T.);
#1519=FACE_BOUND('',#1410,.T.);
#1520=FACE_BOUND('',#1411,.T.);
#1521=FACE_BOUND('',#1412,.T.);
#1522=FACE_BOUND('',#1413,.T.);
#1523=FACE_BOUND('',#1414,.T.);
#1524=FACE_BOUND('',#1415,.T.);
#1525=FACE_BOUND('',#1416,.T.);
#1526=FACE_BOUND('',#1417,.T.);
#1527=FACE_BOUND('',#1418,.T.);
#1528=FACE_BOUND('',#1419,.T.);
#1529=FACE_BOUND('',#1420,.T.);
#1530=FACE_BOUND('',#1421,.T.);
#1531=FACE_BOUND('',#1422,.T.);
#1532=FACE_BOUND('',#1423,.T.);
#1533=FACE_BOUND('',#1424,.T.);
#1534=FACE_BOUND('',#1425,.T.);
#1535=FACE_BOUND('',#1426,.T.);
#1536=FACE_BOUND('',#1427,.T.);
#1537=FACE_BOUND('',#1428,.T.);
#1538=FACE_BOUND('',#1429,.T.);
#1539=FACE_BOUND('',#1430,.T.);
#1540=FACE_BOUND('',#1431,.T.);
#1541=FACE_BOUND('',#1432,.T.);
#1542=FACE_BOUND('',#1433,.T.);
#1543=FACE_BOUND('',#1434,.T.);
#1544=FACE_BOUND('',#1435,.T.);
#1545=FACE_BOUND('',#1436,.T.);
#1546=FACE_BOUND('',#1437,.T.);
#1547=FACE_BOUND('',#1438,.T.);
#1548=FACE_BOUND('',#1439,.T.);
#1549=FACE_BOUND('',#1440,.T.);
#1550=FACE_BOUND('',#1441,.T.);
#1551=FACE_BOUND('',#1442,.T.);
#1552=FACE_BOUND('',#1443,.T.);
#1553=FACE_BOUND('',#1444,.T.);
#1554=FACE_BOUND('',#1445,.T.);
#1555=FACE_BOUND('',#1446,.T.);
#1556=FACE_BOUND('',#1447,.T.);
#1557=FACE_BOUND('',#1448,.T.);
#1558=FACE_BOUND('',#1449,.T.);
#1559=FACE_BOUND('',#1450,.T.);
#1560=FACE_BOUND('',#1451,.T.);
#1561=FACE_BOUND('',#1452,.T.);
#1562=FACE_BOUND('',#1453,.T.);
#1563=FACE_BOUND('',#1454,.T.);
#1564=FACE_BOUND('',#1455,.T.);
#1565=FACE_BOUND('',#1456,.T.);
#1566=FACE_BOUND('',#1457,.T.);
#1567=FACE_BOUND('',#1458,.T.);
#1568=FACE_BOUND('',#1459,.T.);
#1569=FACE_BOUND('',#1460,.T.);
#1570=FACE_BOUND('',#1461,.T.);
#1571=FACE_BOUND('',#1462,.T.);
#1572=FACE_BOUND('',#1463,.T.);
#1573=FACE_BOUND('',#1464,.T.);
#1574=FACE_BOUND('',#1465,.T.);
#1575=FACE_BOUND('',#1466,.T.);
#1576=FACE_BOUND('',#1467,.T.);
#1577=FACE_BOUND('',#1468,.T.);
#1578=FACE_BOUND('',#1469,.T.);
#1579=FACE_BOUND('',#1470,.T.);
#1580=FACE_BOUND('',#1471,.T.);
#1581=FACE_BOUND('',#1472,.T.);
#1582=FACE_BOUND('',#1473,.T.);
#1583=FACE_BOUND('',#1474,.T.);
#1584=FACE_BOUND('',#1475,.T.);
#1585=FACE_BOUND('',#1476,.T.);
#1586=FACE_BOUND('',#1477,.T.);
#1587=FACE_BOUND('',#1478,.T.);
#1588=FACE_BOUND('',#1479,.T.);
#1589=FACE_BOUND('',#1480,.T.);
#1590=FACE_BOUND('',#1481,.T.);
#1591=FACE_BOUND('',#1482,.T.);
#1592=FACE_BOUND('',#1483,.T.);
#1593=FACE_BOUND('',#1484,.T.);
#1594=FACE_BOUND('',#1485,.T.);
#1595=FACE_BOUND('',#1486,.T.);
#1596=FACE_BOUND('',#1487,.T.);
#1597=FACE_BOUND('',#1488,.T.);
#1598=FACE_BOUND('',#1489,.T.);
#1599=FACE_BOUND('',#1490,.T.);
#1600=FACE_BOUND('',#1491,.T.);
#1601=FACE_BOUND('',#1492,.T.);
#1602=FACE_BOUND('',#1493,.T.);
#1603=FACE_BOUND('',#1494,.T.);
#1604=FACE_BOUND('',#1495,.T.);
#1605=FACE_BOUND('',#1496,.T.);
#1606=FACE_BOUND('',#1497,.T.);
#1607=FACE_BOUND('',#1498,.T.);
#1608=FACE_BOUND('',#1499,.T.);
#1609=FACE_BOUND('',#1500,.T.);
#1610=FACE_BOUND('',#1501,.T.);
#1611=FACE_BOUND('',#1502,.T.);
#1612=FACE_BOUND('',#1503,.T.);
#1613=FACE_BOUND('',#1504,.T.);
#1614=FACE_BOUND('',#1505,.T.);
#1615=FACE_BOUND('',#1506,.T.);
#1616=FACE_BOUND('',#1507,.T.);
#1617=FACE_BOUND('',#1508,.T.);
#1618=FACE_BOUND('',#1509,.T.);
#1619=FACE_BOUND('',#1510,.T.);
#1620=FACE_BOUND('',#1511,.T.);
#1621=(
BOUNDED_SURFACE()
B_SPLINE_SURFACE(3,1,((#2032,#2033),(#2034,#2035),(#2036,#2037),(#2038,
#2039)),.CYLINDRICAL_SURF.,.F.,.F.,.F.)
B_SPLINE_SURFACE_WITH_KNOTS((4,4),(2,2),(0.5,1.),(0.0454545454545454,0.954545454545455),
 .PIECEWISE_BEZIER_KNOTS.)
GEOMETRIC_REPRESENTATION_ITEM()
RATIONAL_B_SPLINE_SURFACE(((1.,1.),(0.333333333333333,0.333333333333333),
(0.333333333333333,0.333333333333333),(1.,1.)))
REPRESENTATION_ITEM('')
SURFACE()
);
#1622=(
BOUNDED_SURFACE()
B_SPLINE_SURFACE(3,1,((#2050,#2051),(#2052,#2053),(#2054,#2055),(#2056,
#2057)),.CYLINDRICAL_SURF.,.F.,.F.,.F.)
B_SPLINE_SURFACE_WITH_KNOTS((4,4),(2,2),(0.5,1.),(0.0454545454545454,0.954545454545455),
 .PIECEWISE_BEZIER_KNOTS.)
GEOMETRIC_REPRESENTATION_ITEM()
RATIONAL_B_SPLINE_SURFACE(((1.,1.),(0.333333333333333,0.333333333333333),
(0.333333333333333,0.333333333333333),(1.,1.)))
REPRESENTATION_ITEM('')
SURFACE()
);
#1623=(
BOUNDED_SURFACE()
B_SPLINE_SURFACE(3,1,((#2068,#2069),(#2070,#2071),(#2072,#2073),(#2074,
#2075)),.CYLINDRICAL_SURF.,.F.,.F.,.F.)
B_SPLINE_SURFACE_WITH_KNOTS((4,4),(2,2),(0.5,1.),(0.0454545454545454,0.954545454545455),
 .PIECEWISE_BEZIER_KNOTS.)
GEOMETRIC_REPRESENTATION_ITEM()
RATIONAL_B_SPLINE_SURFACE(((1.,1.),(0.333333333333333,0.333333333333333),
(0.333333333333333,0.333333333333333),(1.,1.)))
REPRESENTATION_ITEM('')
SURFACE()
);
#1624=(
BOUNDED_SURFACE()
B_SPLINE_SURFACE(3,1,((#2086,#2087),(#2088,#2089),(#2090,#2091),(#2092,
#2093)),.CYLINDRICAL_SURF.,.F.,.F.,.F.)
B_SPLINE_SURFACE_WITH_KNOTS((4,4),(2,2),(0.5,1.),(0.0454545454545454,0.954545454545455),
 .PIECEWISE_BEZIER_KNOTS.)
GEOMETRIC_REPRESENTATION_ITEM()
RATIONAL_B_SPLINE_SURFACE(((1.,1.),(0.333333333333333,0.333333333333333),
(0.333333333333333,0.333333333333333),(1.,1.)))
REPRESENTATION_ITEM('')
SURFACE()
);
#1625=(
BOUNDED_SURFACE()
B_SPLINE_SURFACE(3,1,((#2104,#2105),(#2106,#2107),(#2108,#2109),(#2110,
#2111)),.CYLINDRICAL_SURF.,.F.,.F.,.F.)
B_SPLINE_SURFACE_WITH_KNOTS((4,4),(2,2),(0.5,1.),(0.0454545454545455,0.954545454545455),
 .PIECEWISE_BEZIER_KNOTS.)
GEOMETRIC_REPRESENTATION_ITEM()
RATIONAL_B_SPLINE_SURFACE(((1.,1.),(0.333333333333333,0.333333333333333),
(0.333333333333333,0.333333333333333),(1.,1.)))
REPRESENTATION_ITEM('')
SURFACE()
);
#1626=(
BOUNDED_SURFACE()
B_SPLINE_SURFACE(3,1,((#2122,#2123),(#2124,#2125),(#2126,#2127),(#2128,
#2129)),.CYLINDRICAL_SURF.,.F.,.F.,.F.)
B_SPLINE_SURFACE_WITH_KNOTS((4,4),(2,2),(0.5,1.),(0.0454545454545455,0.954545454545455),
 .PIECEWISE_BEZIER_KNOTS.)
GEOMETRIC_REPRESENTATION_ITEM()
RATIONAL_B_SPLINE_SURFACE(((1.,1.),(0.333333333333333,0.333333333333333),
(0.333333333333333,0.333333333333333),(1.,1.)))
REPRESENTATION_ITEM('')
SURFACE()
);
#1627=(
BOUNDED_SURFACE()
B_SPLINE_SURFACE(3,1,((#2140,#2141),(#2142,#2143),(#2144,#2145),(#2146,
#2147)),.CYLINDRICAL_SURF.,.F.,.F.,.F.)
B_SPLINE_SURFACE_WITH_KNOTS((4,4),(2,2),(0.5,1.),(0.0454545454545455,0.954545454545455),
 .PIECEWISE_BEZIER_KNOTS.)
GEOMETRIC_REPRESENTATION_ITEM()
RATIONAL_B_SPLINE_SURFACE(((1.,1.),(0.333333333333333,0.333333333333333),
(0.333333333333333,0.333333333333333),(1.,1.)))
REPRESENTATION_ITEM('')
SURFACE()
);
#1628=(
BOUNDED_SURFACE()
B_SPLINE_SURFACE(3,1,((#2158,#2159),(#2160,#2161),(#2162,#2163),(#2164,
#2165)),.CYLINDRICAL_SURF.,.F.,.F.,.F.)
B_SPLINE_SURFACE_WITH_KNOTS((4,4),(2,2),(0.5,1.),(0.0454545454545455,0.954545454545455),
 .PIECEWISE_BEZIER_KNOTS.)
GEOMETRIC_REPRESENTATION_ITEM()
RATIONAL_B_SPLINE_SURFACE(((1.,1.),(0.333333333333333,0.333333333333333),
(0.333333333333333,0.333333333333333),(1.,1.)))
REPRESENTATION_ITEM('')
SURFACE()
);
#1629=(
BOUNDED_SURFACE()
B_SPLINE_SURFACE(3,1,((#2562,#2563),(#2564,#2565),(#2566,#2567),(#2568,
#2569)),.CYLINDRICAL_SURF.,.F.,.F.,.F.)
B_SPLINE_SURFACE_WITH_KNOTS((4,4),(2,2),(0.,0.5),(0.0454545454545455,0.954545454545455),
 .PIECEWISE_BEZIER_KNOTS.)
GEOMETRIC_REPRESENTATION_ITEM()
RATIONAL_B_SPLINE_SURFACE(((1.,1.),(0.333333333333333,0.333333333333333),
(0.333333333333333,0.333333333333333),(1.,1.)))
REPRESENTATION_ITEM('')
SURFACE()
);
#1630=(
BOUNDED_SURFACE()
B_SPLINE_SURFACE(3,1,((#2585,#2586),(#2587,#2588),(#2589,#2590),(#2591,
#2592)),.CYLINDRICAL_SURF.,.F.,.F.,.F.)
B_SPLINE_SURFACE_WITH_KNOTS((4,4),(2,2),(0.,0.5),(0.0454545454545455,0.954545454545455),
 .PIECEWISE_BEZIER_KNOTS.)
GEOMETRIC_REPRESENTATION_ITEM()
RATIONAL_B_SPLINE_SURFACE(((1.,1.),(0.333333333333333,0.333333333333333),
(0.333333333333333,0.333333333333333),(1.,1.)))
REPRESENTATION_ITEM('')
SURFACE()
);
#1631=(
BOUNDED_SURFACE()
B_SPLINE_SURFACE(3,1,((#2606,#2607),(#2608,#2609),(#2610,#2611),(#2612,
#2613)),.CYLINDRICAL_SURF.,.F.,.F.,.F.)
B_SPLINE_SURFACE_WITH_KNOTS((4,4),(2,2),(0.,0.5),(0.0454545454545455,0.954545454545455),
 .PIECEWISE_BEZIER_KNOTS.)
GEOMETRIC_REPRESENTATION_ITEM()
RATIONAL_B_SPLINE_SURFACE(((1.,1.),(0.333333333333333,0.333333333333333),
(0.333333333333333,0.333333333333333),(1.,1.)))
REPRESENTATION_ITEM('')
SURFACE()
);
#1632=(
BOUNDED_SURFACE()
B_SPLINE_SURFACE(3,1,((#2644,#2645),(#2646,#2647),(#2648,#2649),(#2650,
#2651)),.CYLINDRICAL_SURF.,.F.,.F.,.F.)
B_SPLINE_SURFACE_WITH_KNOTS((4,4),(2,2),(0.,0.5),(0.0454545454545455,0.954545454545455),
 .PIECEWISE_BEZIER_KNOTS.)
GEOMETRIC_REPRESENTATION_ITEM()
RATIONAL_B_SPLINE_SURFACE(((1.,1.),(0.333333333333333,0.333333333333333),
(0.333333333333333,0.333333333333333),(1.,1.)))
REPRESENTATION_ITEM('')
SURFACE()
);
#1633=(
BOUNDED_SURFACE()
B_SPLINE_SURFACE(3,1,((#2662,#2663),(#2664,#2665),(#2666,#2667),(#2668,
#2669)),.CYLINDRICAL_SURF.,.F.,.F.,.F.)
B_SPLINE_SURFACE_WITH_KNOTS((4,4),(2,2),(0.,0.5),(0.0454545454545455,0.954545454545455),
 .PIECEWISE_BEZIER_KNOTS.)
GEOMETRIC_REPRESENTATION_ITEM()
RATIONAL_B_SPLINE_SURFACE(((1.,1.),(0.333333333333333,0.333333333333333),
(0.333333333333333,0.333333333333333),(1.,1.)))
REPRESENTATION_ITEM('')
SURFACE()
);
#1634=(
BOUNDED_SURFACE()
B_SPLINE_SURFACE(3,1,((#2675,#2676),(#2677,#2678),(#2679,#2680),(#2681,
#2682)),.CYLINDRICAL_SURF.,.F.,.F.,.F.)
B_SPLINE_SURFACE_WITH_KNOTS((4,4),(2,2),(0.,0.5),(0.0454545454545455,0.954545454545455),
 .PIECEWISE_BEZIER_KNOTS.)
GEOMETRIC_REPRESENTATION_ITEM()
RATIONAL_B_SPLINE_SURFACE(((1.,1.),(0.333333333333333,0.333333333333333),
(0.333333333333333,0.333333333333333),(1.,1.)))
REPRESENTATION_ITEM('')
SURFACE()
);
#1635=(
BOUNDED_SURFACE()
B_SPLINE_SURFACE(3,1,((#2688,#2689),(#2690,#2691),(#2692,#2693),(#2694,
#2695)),.CYLINDRICAL_SURF.,.F.,.F.,.F.)
B_SPLINE_SURFACE_WITH_KNOTS((4,4),(2,2),(0.,0.5),(0.0454545454545455,0.954545454545455),
 .PIECEWISE_BEZIER_KNOTS.)
GEOMETRIC_REPRESENTATION_ITEM()
RATIONAL_B_SPLINE_SURFACE(((1.,1.),(0.333333333333333,0.333333333333333),
(0.333333333333333,0.333333333333333),(1.,1.)))
REPRESENTATION_ITEM('')
SURFACE()
);
#1636=(
BOUNDED_SURFACE()
B_SPLINE_SURFACE(3,1,((#2701,#2702),(#2703,#2704),(#2705,#2706),(#2707,
#2708)),.CYLINDRICAL_SURF.,.F.,.F.,.F.)
B_SPLINE_SURFACE_WITH_KNOTS((4,4),(2,2),(0.,0.5),(0.0454545454545455,0.954545454545455),
 .PIECEWISE_BEZIER_KNOTS.)
GEOMETRIC_REPRESENTATION_ITEM()
RATIONAL_B_SPLINE_SURFACE(((1.,1.),(0.333333333333333,0.333333333333333),
(0.333333333333333,0.333333333333333),(1.,1.)))
REPRESENTATION_ITEM('')
SURFACE()
);
#1637=ADVANCED_FACE('',(#1512),#1621,.F.);
#1638=ADVANCED_FACE('',(#1513),#1622,.F.);
#1639=ADVANCED_FACE('',(#1514),#1623,.F.);
#1640=ADVANCED_FACE('',(#1515),#1624,.F.);
#1641=ADVANCED_FACE('',(#1516),#1625,.F.);
#1642=ADVANCED_FACE('',(#1517),#1626,.F.);
#1643=ADVANCED_FACE('',(#1518),#1627,.F.);
#1644=ADVANCED_FACE('',(#1519),#1628,.F.);
#1645=ADVANCED_FACE('',(#1520),#398,.T.);
#1646=ADVANCED_FACE('',(#1521),#399,.T.);
#1647=ADVANCED_FACE('',(#1522,#1523),#400,.T.);
#1648=ADVANCED_FACE('',(#1524,#1525),#401,.F.);
#1649=ADVANCED_FACE('',(#1526,#1527,#1528),#402,.T.);
#1650=ADVANCED_FACE('',(#1529,#1530,#1531,#1532),#403,.F.);
#1651=ADVANCED_FACE('',(#1533),#404,.T.);
#1652=ADVANCED_FACE('',(#1534,#1535),#405,.T.);
#1653=ADVANCED_FACE('',(#1536,#1537,#1538,#1539,#1540,#1541),#406,.T.);
#1654=ADVANCED_FACE('',(#1542),#407,.T.);
#1655=ADVANCED_FACE('',(#1543),#408,.F.);
#1656=ADVANCED_FACE('',(#1544),#409,.F.);
#1657=ADVANCED_FACE('',(#1545),#410,.F.);
#1658=ADVANCED_FACE('',(#1546,#1547,#1548),#411,.T.);
#1659=ADVANCED_FACE('',(#1549),#412,.F.);
#1660=ADVANCED_FACE('',(#1550),#413,.F.);
#1661=ADVANCED_FACE('',(#1551),#414,.T.);
#1662=ADVANCED_FACE('',(#1552),#415,.F.);
#1663=ADVANCED_FACE('',(#1553),#416,.F.);
#1664=ADVANCED_FACE('',(#1554),#417,.T.);
#1665=ADVANCED_FACE('',(#1555),#418,.T.);
#1666=ADVANCED_FACE('',(#1556),#419,.F.);
#1667=ADVANCED_FACE('',(#1557),#420,.T.);
#1668=ADVANCED_FACE('',(#1558),#421,.F.);
#1669=ADVANCED_FACE('',(#1559),#422,.T.);
#1670=ADVANCED_FACE('',(#1560),#423,.T.);
#1671=ADVANCED_FACE('',(#1561),#1629,.F.);
#1672=ADVANCED_FACE('',(#1562,#1563),#424,.T.);
#1673=ADVANCED_FACE('',(#1564),#425,.T.);
#1674=ADVANCED_FACE('',(#1565),#426,.T.);
#1675=ADVANCED_FACE('',(#1566),#1630,.F.);
#1676=ADVANCED_FACE('',(#1567),#427,.F.);
#1677=ADVANCED_FACE('',(#1568),#428,.T.);
#1678=ADVANCED_FACE('',(#1569),#1631,.F.);
#1679=ADVANCED_FACE('',(#1570,#1571),#429,.T.);
#1680=ADVANCED_FACE('',(#1572),#430,.T.);
#1681=ADVANCED_FACE('',(#1573),#431,.T.);
#1682=ADVANCED_FACE('',(#1574),#432,.T.);
#1683=ADVANCED_FACE('',(#1575),#433,.F.);
#1684=ADVANCED_FACE('',(#1576),#434,.T.);
#1685=ADVANCED_FACE('',(#1577),#1632,.F.);
#1686=ADVANCED_FACE('',(#1578,#1579),#435,.T.);
#1687=ADVANCED_FACE('',(#1580),#436,.T.);
#1688=ADVANCED_FACE('',(#1581),#1633,.F.);
#1689=ADVANCED_FACE('',(#1582),#437,.T.);
#1690=ADVANCED_FACE('',(#1583),#1634,.F.);
#1691=ADVANCED_FACE('',(#1584),#438,.T.);
#1692=ADVANCED_FACE('',(#1585),#1635,.F.);
#1693=ADVANCED_FACE('',(#1586),#439,.T.);
#1694=ADVANCED_FACE('',(#1587),#1636,.F.);
#1695=ADVANCED_FACE('',(#1588),#440,.T.);
#1696=ADVANCED_FACE('',(#1589),#441,.T.);
#1697=ADVANCED_FACE('',(#1590),#442,.F.);
#1698=ADVANCED_FACE('',(#1591),#443,.F.);
#1699=ADVANCED_FACE('',(#1592),#444,.T.);
#1700=ADVANCED_FACE('',(#1593),#445,.T.);
#1701=ADVANCED_FACE('',(#1594),#446,.F.);
#1702=ADVANCED_FACE('',(#1595),#447,.F.);
#1703=ADVANCED_FACE('',(#1596),#448,.T.);
#1704=ADVANCED_FACE('',(#1597),#449,.T.);
#1705=ADVANCED_FACE('',(#1598),#450,.F.);
#1706=ADVANCED_FACE('',(#1599),#451,.F.);
#1707=ADVANCED_FACE('',(#1600),#452,.T.);
#1708=ADVANCED_FACE('',(#1601),#453,.T.);
#1709=ADVANCED_FACE('',(#1602),#454,.F.);
#1710=ADVANCED_FACE('',(#1603),#455,.F.);
#1711=ADVANCED_FACE('',(#1604),#456,.T.);
#1712=ADVANCED_FACE('',(#1605),#457,.F.);
#1713=ADVANCED_FACE('',(#1606),#458,.T.);
#1714=ADVANCED_FACE('',(#1607),#459,.T.);
#1715=ADVANCED_FACE('',(#1608),#460,.T.);
#1716=ADVANCED_FACE('',(#1609),#461,.T.);
#1717=ADVANCED_FACE('',(#1610),#462,.F.);
#1718=ADVANCED_FACE('',(#1611),#463,.F.);
#1719=ADVANCED_FACE('',(#1612),#464,.T.);
#1720=ADVANCED_FACE('',(#1613),#465,.T.);
#1721=ADVANCED_FACE('',(#1614),#466,.T.);
#1722=ADVANCED_FACE('',(#1615),#467,.T.);
#1723=ADVANCED_FACE('',(#1616),#468,.F.);
#1724=ADVANCED_FACE('',(#1617),#469,.F.);
#1725=ADVANCED_FACE('',(#1618),#470,.F.);
#1726=ADVANCED_FACE('',(#1619,#1620),#471,.F.);
#1727=CLOSED_SHELL('',(#1637,#1638,#1639,#1640,#1641,#1642,#1643,#1644,
#1645,#1646,#1647,#1648,#1649,#1650,#1651,#1652,#1653,#1654,#1655,#1656,
#1657,#1658,#1659,#1660,#1661,#1662,#1663,#1664,#1665,#1666,#1667,#1668,
#1669,#1670,#1671,#1672,#1673,#1674,#1675,#1676,#1677,#1678,#1679,#1680,
#1681,#1682,#1683,#1684,#1685,#1686,#1687,#1688,#1689,#1690,#1691,#1692,
#1693,#1694,#1695,#1696,#1697,#1698,#1699,#1700,#1701,#1702,#1703,#1704,
#1705,#1706,#1707,#1708,#1709,#1710,#1711,#1712,#1713,#1714,#1715,#1716,
#1717,#1718,#1719,#1720,#1721,#1722,#1723,#1724,#1725,#1726));
#1728=STYLED_ITEM('',(#1729),#1736);
#1729=PRESENTATION_STYLE_ASSIGNMENT((#1730));
#1730=SURFACE_STYLE_USAGE(.BOTH.,#1731);
#1731=SURFACE_SIDE_STYLE('',(#1732));
#1732=SURFACE_STYLE_FILL_AREA(#1733);
#1733=FILL_AREA_STYLE('',(#1734));
#1734=FILL_AREA_STYLE_COLOUR('',#1735);
#1735=DRAUGHTING_PRE_DEFINED_COLOUR('blue');
#1736=MANIFOLD_SOLID_BREP('Bottom case',#1727);
#1737=SHAPE_DEFINITION_REPRESENTATION(#2879,#1738);
#1738=SHAPE_REPRESENTATION('Bottom case',(#1739),#2874);
#1739=AXIS2_PLACEMENT_3D('',#2031,#1772,#1773);
#1740=AXIS2_PLACEMENT_3D('',#2040,#1774,#1775);
#1741=AXIS2_PLACEMENT_3D('',#2046,#1776,#1777);
#1742=AXIS2_PLACEMENT_3D('',#2058,#1778,#1779);
#1743=AXIS2_PLACEMENT_3D('',#2064,#1780,#1781);
#1744=AXIS2_PLACEMENT_3D('',#2076,#1782,#1783);
#1745=AXIS2_PLACEMENT_3D('',#2082,#1784,#1785);
#1746=AXIS2_PLACEMENT_3D('',#2094,#1786,#1787);
#1747=AXIS2_PLACEMENT_3D('',#2100,#1788,#1789);
#1748=AXIS2_PLACEMENT_3D('',#2112,#1790,#1791);
#1749=AXIS2_PLACEMENT_3D('',#2118,#1792,#1793);
#1750=AXIS2_PLACEMENT_3D('',#2130,#1794,#1795);
#1751=AXIS2_PLACEMENT_3D('',#2136,#1796,#1797);
#1752=AXIS2_PLACEMENT_3D('',#2148,#1798,#1799);
#1753=AXIS2_PLACEMENT_3D('',#2154,#1800,#1801);
#1754=AXIS2_PLACEMENT_3D('',#2166,#1802,#1803);
#1755=AXIS2_PLACEMENT_3D('',#2172,#1804,#1805);
#1756=AXIS2_PLACEMENT_3D('',#2356,#1882,#1883);
#1757=AXIS2_PLACEMENT_3D('',#2363,#1886,#1887);
#1758=AXIS2_PLACEMENT_3D('',#2364,#1888,#1889);
#1759=AXIS2_PLACEMENT_3D('',#2365,#1890,#1891);
#1760=AXIS2_PLACEMENT_3D('',#2382,#1901,#1902);
#1761=AXIS2_PLACEMENT_3D('',#2570,#1971,#1972);
#1762=AXIS2_PLACEMENT_3D('',#2571,#1973,#1974);
#1763=AXIS2_PLACEMENT_3D('',#2593,#1976,#1977);
#1764=AXIS2_PLACEMENT_3D('',#2614,#1981,#1982);
#1765=AXIS2_PLACEMENT_3D('',#2615,#1983,#1984);
#1766=AXIS2_PLACEMENT_3D('',#2652,#1988,#1989);
#1767=AXIS2_PLACEMENT_3D('',#2653,#1990,#1991);
#1768=AXIS2_PLACEMENT_3D('',#2670,#1992,#1993);
#1769=AXIS2_PLACEMENT_3D('',#2683,#1994,#1995);
#1770=AXIS2_PLACEMENT_3D('',#2696,#1996,#1997);
#1771=AXIS2_PLACEMENT_3D('',#2709,#1998,#1999);
#1772=DIRECTION('',(0.,0.,1.));
#1773=DIRECTION('',(1.,0.,0.));
#1774=DIRECTION('',(0.,0.,1.));
#1775=DIRECTION('',(1.,0.,0.));
#1776=DIRECTION('',(0.,0.,1.));
#1777=DIRECTION('',(1.,0.,0.));
#1778=DIRECTION('',(0.,0.,-1.));
#1779=DIRECTION('',(-1.,0.,0.));
#1780=DIRECTION('',(0.,0.,-1.));
#1781=DIRECTION('',(-1.,0.,0.));
#1782=DIRECTION('',(0.,0.,-1.));
#1783=DIRECTION('',(-1.,0.,0.));
#1784=DIRECTION('',(0.,0.,-1.));
#1785=DIRECTION('',(-1.,0.,0.));
#1786=DIRECTION('',(0.,0.,1.));
#1787=DIRECTION('',(1.,0.,0.));
#1788=DIRECTION('',(0.,0.,1.));
#1789=DIRECTION('',(1.,0.,0.));
#1790=DIRECTION('',(0.,0.,1.));
#1791=DIRECTION('',(1.,0.,0.));
#1792=DIRECTION('',(0.,0.,1.));
#1793=DIRECTION('',(1.,0.,0.));
#1794=DIRECTION('',(0.,0.,1.));
#1795=DIRECTION('',(1.,0.,0.));
#1796=DIRECTION('',(0.,0.,1.));
#1797=DIRECTION('',(1.,0.,0.));
#1798=DIRECTION('',(0.,0.,1.));
#1799=DIRECTION('',(1.,0.,0.));
#1800=DIRECTION('',(0.,0.,1.));
#1801=DIRECTION('',(1.,0.,0.));
#1802=DIRECTION('',(0.,0.,1.));
#1803=DIRECTION('',(1.,0.,0.));
#1804=DIRECTION('',(0.,0.,1.));
#1805=DIRECTION('',(1.,0.,0.));
#1806=DIRECTION('',(0.,-1.,0.));
#1807=DIRECTION('',(0.,0.,1.));
#1808=DIRECTION('',(0.,-1.,0.));
#1809=DIRECTION('',(0.,0.,1.));
#1810=DIRECTION('',(0.,1.,0.));
#1811=DIRECTION('',(0.,0.,1.));
#1812=DIRECTION('',(0.,-1.,0.));
#1813=DIRECTION('',(0.,0.,1.));
#1814=DIRECTION('',(0.,0.,1.));
#1815=DIRECTION('',(1.,0.,0.));
#1816=DIRECTION('',(0.,0.,-1.));
#1817=DIRECTION('',(1.,0.,0.));
#1818=DIRECTION('',(0.,0.,-1.));
#1819=DIRECTION('',(1.,0.,0.));
#1820=DIRECTION('',(0.,0.,1.));
#1821=DIRECTION('',(1.,0.,0.));
#1822=DIRECTION('',(0.,0.,-1.));
#1823=DIRECTION('',(-1.,0.,2.73184799366426E-16));
#1824=DIRECTION('',(0.,0.,-1.));
#1825=DIRECTION('',(-1.,0.,0.));
#1826=DIRECTION('',(1.,0.,0.));
#1827=DIRECTION('',(0.,0.,1.));
#1828=DIRECTION('',(1.,0.,0.));
#1829=DIRECTION('',(0.,0.,1.));
#1830=DIRECTION('',(1.,0.,0.));
#1831=DIRECTION('',(0.,0.,1.));
#1832=DIRECTION('',(1.,0.,0.));
#1833=DIRECTION('',(1.,0.,0.));
#1834=DIRECTION('',(0.,0.,1.));
#1835=DIRECTION('',(1.,0.,0.));
#1836=DIRECTION('',(1.,0.,-2.73184799366426E-16));
#1837=DIRECTION('',(0.,0.,1.));
#1838=DIRECTION('',(1.,0.,0.));
#1839=DIRECTION('',(0.,0.,1.));
#1840=DIRECTION('',(0.,2.04888599524819E-16,-1.));
#1841=DIRECTION('',(0.,1.,0.));
#1842=DIRECTION('',(0.,1.36592399683213E-16,-1.));
#1843=DIRECTION('',(0.,1.,0.));
#1844=DIRECTION('',(0.,-2.0488859952482E-16,-1.));
#1845=DIRECTION('',(0.,1.,0.));
#1846=DIRECTION('',(0.,-1.79277524584218E-16,-1.));
#1847=DIRECTION('',(0.,1.,0.));
#1848=DIRECTION('',(0.,-1.,0.));
#1849=DIRECTION('',(0.,-1.36592399683213E-16,-1.));
#1850=DIRECTION('',(0.,-1.,0.));
#1851=DIRECTION('',(0.,0.,-1.));
#1852=DIRECTION('',(0.,-1.,0.));
#1853=DIRECTION('',(0.,0.,1.));
#1854=DIRECTION('',(0.,-1.,0.));
#1855=DIRECTION('',(0.,-1.,0.));
#1856=DIRECTION('',(0.,0.,-1.));
#1857=DIRECTION('',(0.,-1.,0.));
#1858=DIRECTION('',(0.,0.,-1.));
#1859=DIRECTION('',(0.,-1.,0.));
#1860=DIRECTION('',(0.,-1.36592399683213E-16,-1.));
#1861=DIRECTION('',(0.,-1.,0.));
#1862=DIRECTION('',(0.,2.04888599524819E-16,1.));
#1863=DIRECTION('',(0.,-1.,0.));
#1864=DIRECTION('',(0.,1.79277524584218E-16,1.));
#1865=DIRECTION('',(0.,-1.,0.));
#1866=DIRECTION('',(0.,0.,1.));
#1867=DIRECTION('',(0.,-1.,0.));
#1868=DIRECTION('',(0.,-1.,0.));
#1869=DIRECTION('',(0.,-2.04888599524819E-16,1.));
#1870=DIRECTION('',(0.,-1.,0.));
#1871=DIRECTION('',(0.,-1.36592399683213E-16,1.));
#1872=DIRECTION('',(0.,1.36592399683213E-16,1.));
#1873=DIRECTION('',(0.,1.,0.));
#1874=DIRECTION('',(0.,1.36592399683213E-16,1.));
#1875=DIRECTION('',(0.,1.,0.));
#1876=DIRECTION('',(0.,1.,0.));
#1877=DIRECTION('',(0.,-1.36592399683213E-16,-1.));
#1878=DIRECTION('',(0.,-1.,0.));
#1879=DIRECTION('',(0.,0.,-1.));
#1880=DIRECTION('',(0.,1.,0.));
#1881=DIRECTION('',(0.,0.,-1.));
#1882=DIRECTION('',(0.,0.,1.));
#1883=DIRECTION('',(1.,0.,0.));
#1884=DIRECTION('',(-1.,0.,0.));
#1885=DIRECTION('',(-1.,0.,0.));
#1886=DIRECTION('',(0.,0.,1.));
#1887=DIRECTION('',(1.,0.,0.));
#1888=DIRECTION('',(0.,0.,-1.));
#1889=DIRECTION('',(-1.,0.,0.));
#1890=DIRECTION('',(0.,0.,1.));
#1891=DIRECTION('',(1.,0.,0.));
#1892=DIRECTION('',(-1.,3.93107211125011E-13,0.));
#1893=DIRECTION('',(3.93037886298013E-13,1.,0.));
#1894=DIRECTION('',(1.,0.,0.));
#1895=DIRECTION('',(0.,1.,0.));
#1896=DIRECTION('',(1.,-3.92888493990769E-13,0.));
#1897=DIRECTION('',(-3.92863846030119E-13,-1.,0.));
#1898=DIRECTION('',(1.,-3.92937789912215E-13,0.));
#1899=DIRECTION('',(0.,-1.,0.));
#1900=DIRECTION('',(1.,0.,0.));
#1901=DIRECTION('',(0.,0.,-1.));
#1902=DIRECTION('',(-1.,0.,0.));
#1903=DIRECTION('',(0.,-1.,0.));
#1904=DIRECTION('',(1.,0.,0.));
#1905=DIRECTION('',(0.,-1.,0.));
#1906=DIRECTION('',(1.,0.,0.));
#1907=DIRECTION('',(0.,-1.,0.));
#1908=DIRECTION('',(1.,0.,0.));
#1909=DIRECTION('',(0.,-1.,0.));
#1910=DIRECTION('',(-1.,3.92937789912215E-13,0.));
#1911=DIRECTION('',(3.92863846030119E-13,1.,0.));
#1912=DIRECTION('',(1.,0.,0.));
#1913=DIRECTION('',(-3.93037886298013E-13,-1.,0.));
#1914=DIRECTION('',(1.,-3.93107211125011E-13,0.));
#1915=DIRECTION('',(-1.,0.,0.));
#1916=DIRECTION('',(1.,0.,0.));
#1917=DIRECTION('',(-1.,0.,0.));
#1918=DIRECTION('',(0.,-1.,0.));
#1919=DIRECTION('',(0.,0.,-1.));
#1920=DIRECTION('',(0.,-1.,0.));
#1921=DIRECTION('',(0.,0.,-1.));
#1922=DIRECTION('',(0.,0.,-1.));
#1923=DIRECTION('',(0.,-1.,0.));
#1924=DIRECTION('',(0.,0.,-1.));
#1925=DIRECTION('',(-1.,0.,0.));
#1926=DIRECTION('',(0.,0.,-1.));
#1927=DIRECTION('',(0.,0.,-1.));
#1928=DIRECTION('',(-1.,0.,0.));
#1929=DIRECTION('',(0.,0.,1.));
#1930=DIRECTION('',(-1.,0.,0.));
#1931=DIRECTION('',(0.,0.,-1.));
#1932=DIRECTION('',(0.,0.,-1.));
#1933=DIRECTION('',(1.,0.,0.));
#1934=DIRECTION('',(0.,0.,-1.));
#1935=DIRECTION('',(1.,0.,0.));
#1936=DIRECTION('',(0.,0.,-1.));
#1937=DIRECTION('',(1.,0.,0.));
#1938=DIRECTION('',(0.,0.,1.));
#1939=DIRECTION('',(1.,0.,0.));
#1940=DIRECTION('',(0.707106781186548,0.,-0.707106781186548));
#1941=DIRECTION('',(1.,0.,0.));
#1942=DIRECTION('',(0.,0.,1.));
#1943=DIRECTION('',(1.,0.,0.));
#1944=DIRECTION('',(0.,0.,1.));
#1945=DIRECTION('',(0.707106781186548,0.,-0.707106781186548));
#1946=DIRECTION('',(-1.,0.,0.));
#1947=DIRECTION('',(0.,-1.,0.));
#1948=DIRECTION('',(0.,1.,0.));
#1949=DIRECTION('',(0.,1.,0.));
#1950=DIRECTION('',(-0.999757803716472,-0.0220075875101322,0.));
#1951=DIRECTION('',(-0.0220075875101278,0.999757803716472,0.));
#1952=DIRECTION('',(0.,0.,-1.));
#1953=DIRECTION('',(0.,0.,-1.));
#1954=DIRECTION('',(0.,0.,-1.));
#1955=DIRECTION('',(0.,1.,0.));
#1956=DIRECTION('',(0.,1.,0.));
#1957=DIRECTION('',(1.,-3.9291213115186E-13,0.));
#1958=DIRECTION('',(0.,-1.,0.));
#1959=DIRECTION('',(0.0220075875101278,-0.999757803716472,0.));
#1960=DIRECTION('',(0.999757803716472,0.0220075875101322,0.));
#1961=DIRECTION('',(-1.,0.,0.));
#1962=DIRECTION('',(0.,1.,0.));
#1963=DIRECTION('',(0.,0.,-1.));
#1964=DIRECTION('',(0.,0.,-1.));
#1965=DIRECTION('',(0.,0.,-1.));
#1966=DIRECTION('',(0.,0.,-1.));
#1967=DIRECTION('',(1.,0.,0.));
#1968=DIRECTION('',(0.,0.,-1.));
#1969=DIRECTION('',(0.,-1.,0.));
#1970=DIRECTION('',(1.,0.,0.));
#1971=DIRECTION('',(0.,0.,1.));
#1972=DIRECTION('',(1.,0.,0.));
#1973=DIRECTION('',(0.,0.,1.));
#1974=DIRECTION('',(1.,0.,0.));
#1975=DIRECTION('',(-1.,0.,0.));
#1976=DIRECTION('',(0.,0.,1.));
#1977=DIRECTION('',(1.,0.,0.));
#1978=DIRECTION('',(0.,0.,-1.));
#1979=DIRECTION('',(0.,-1.,0.));
#1980=DIRECTION('',(-1.,0.,0.));
#1981=DIRECTION('',(0.,0.,1.));
#1982=DIRECTION('',(1.,0.,0.));
#1983=DIRECTION('',(0.,0.,1.));
#1984=DIRECTION('',(1.,0.,0.));
#1985=DIRECTION('',(0.,0.,-1.));
#1986=DIRECTION('',(1.,0.,0.));
#1987=DIRECTION('',(0.,-1.,0.));
#1988=DIRECTION('',(0.,0.,1.));
#1989=DIRECTION('',(1.,0.,0.));
#1990=DIRECTION('',(0.,0.,1.));
#1991=DIRECTION('',(1.,0.,0.));
#1992=DIRECTION('',(0.,0.,1.));
#1993=DIRECTION('',(1.,0.,0.));
#1994=DIRECTION('',(0.,0.,-1.));
#1995=DIRECTION('',(-1.,0.,0.));
#1996=DIRECTION('',(0.,0.,-1.));
#1997=DIRECTION('',(-1.,0.,0.));
#1998=DIRECTION('',(0.,0.,1.));
#1999=DIRECTION('',(1.,0.,0.));
#2000=DIRECTION('',(1.,0.,0.));
#2001=DIRECTION('',(1.,0.,0.));
#2002=DIRECTION('',(1.,0.,0.));
#2003=DIRECTION('',(1.,0.,0.));
#2004=DIRECTION('',(1.,0.,0.));
#2005=DIRECTION('',(1.,0.,0.));
#2006=DIRECTION('',(1.,0.,0.));
#2007=DIRECTION('',(1.,0.,0.));
#2008=DIRECTION('',(1.,0.,0.));
#2009=DIRECTION('',(1.,0.,0.));
#2010=DIRECTION('',(1.,0.,0.));
#2011=DIRECTION('',(1.,0.,0.));
#2012=DIRECTION('',(0.,1.,0.));
#2013=DIRECTION('',(0.,1.,0.));
#2014=DIRECTION('',(0.,1.,0.));
#2015=DIRECTION('',(0.,1.,0.));
#2016=DIRECTION('',(0.,0.,-1.));
#2017=DIRECTION('',(0.,0.,-1.));
#2018=DIRECTION('',(0.,-1.,0.));
#2019=DIRECTION('',(1.,-3.9291213115186E-13,0.));
#2020=DIRECTION('',(0.,-1.,0.));
#2021=DIRECTION('',(0.,-1.,0.));
#2022=DIRECTION('',(0.,1.,0.));
#2023=DIRECTION('',(0.,-1.,0.));
#2024=DIRECTION('',(0.707106781186548,0.,-0.707106781186548));
#2025=DIRECTION('',(0.,-1.,0.));
#2026=DIRECTION('',(0.,0.,1.));
#2027=DIRECTION('',(0.,-1.,0.));
#2028=DIRECTION('',(0.707106781186548,0.,-0.707106781186548));
#2029=DIRECTION('',(0.,-1.,0.));
#2030=DIRECTION('',(-1.,0.,0.));
#2031=CARTESIAN_POINT('',(0.,0.,0.));
#2032=CARTESIAN_POINT('',(-0.0528252911934534,0.0279034774153036,-0.00635));
#2033=CARTESIAN_POINT('',(-0.0528252911934534,0.0279034774153037,4.33680868994202E-19));
#2034=CARTESIAN_POINT('',(-0.0528252911934534,0.0233034774153037,-0.00635));
#2035=CARTESIAN_POINT('',(-0.0528252911934534,0.0233034774153037,1.34170018845081E-18));
#2036=CARTESIAN_POINT('',(-0.0482252911934534,0.0233034774153037,-0.00635));
#2037=CARTESIAN_POINT('',(-0.0482252911934534,0.0233034774153037,1.34170018845081E-18));
#2038=CARTESIAN_POINT('',(-0.0482252911934534,0.0279034774153036,-0.00635));
#2039=CARTESIAN_POINT('',(-0.0482252911934534,0.0279034774153037,4.33680868994202E-19));
#2040=CARTESIAN_POINT('',(-0.0505252911934534,0.0279034774153037,-0.00635));
#2041=CARTESIAN_POINT('',(-0.0528252911934534,0.0279034774153037,-0.00635));
#2042=CARTESIAN_POINT('',(-0.0482252911934534,0.0279034774153037,-0.00635));
#2043=CARTESIAN_POINT('',(-0.0528252911934534,0.0279034774153037,-0.0066675));
#2044=CARTESIAN_POINT('',(-0.0528252911934534,0.0279034774153037,0.0003175));
#2045=CARTESIAN_POINT('',(-0.0528252911934534,0.0279034774153037,0.));
#2046=CARTESIAN_POINT('',(-0.0505252911934534,0.0279034774153037,0.));
#2047=CARTESIAN_POINT('',(-0.0482252911934534,0.0279034774153037,0.));
#2048=CARTESIAN_POINT('',(-0.0482252911934534,0.0279034774153037,-0.0066675));
#2049=CARTESIAN_POINT('',(-0.0482252911934534,0.0279034774153037,0.0003175));
#2050=CARTESIAN_POINT('',(0.0482252911934534,0.0279034774153036,-0.00635));
#2051=CARTESIAN_POINT('',(0.0482252911934534,0.0279034774153037,4.33680868994202E-19));
#2052=CARTESIAN_POINT('',(0.0482252911934534,0.0233034774153037,-0.00635));
#2053=CARTESIAN_POINT('',(0.0482252911934534,0.0233034774153037,1.34170018845081E-18));
#2054=CARTESIAN_POINT('',(0.0528252911934534,0.0233034774153037,-0.00635));
#2055=CARTESIAN_POINT('',(0.0528252911934534,0.0233034774153037,1.34170018845081E-18));
#2056=CARTESIAN_POINT('',(0.0528252911934534,0.0279034774153036,-0.00635));
#2057=CARTESIAN_POINT('',(0.0528252911934534,0.0279034774153037,4.33680868994202E-19));
#2058=CARTESIAN_POINT('',(0.0505252911934534,0.0279034774153037,-0.00635));
#2059=CARTESIAN_POINT('',(0.0528252911934534,0.0279034774153037,-0.00635));
#2060=CARTESIAN_POINT('',(0.0482252911934534,0.0279034774153037,-0.00635));
#2061=CARTESIAN_POINT('',(0.0482252911934534,0.0279034774153037,-0.0066675));
#2062=CARTESIAN_POINT('',(0.0482252911934534,0.0279034774153037,0.0003175));
#2063=CARTESIAN_POINT('',(0.0482252911934534,0.0279034774153037,0.));
#2064=CARTESIAN_POINT('',(0.0505252911934534,0.0279034774153037,0.));
#2065=CARTESIAN_POINT('',(0.0528252911934534,0.0279034774153037,0.));
#2066=CARTESIAN_POINT('',(0.0528252911934534,0.0279034774153037,-0.0066675));
#2067=CARTESIAN_POINT('',(0.0528252911934534,0.0279034774153037,0.0003175));
#2068=CARTESIAN_POINT('',(0.0482252911934534,-0.0317365227452696,-0.00635));
#2069=CARTESIAN_POINT('',(0.0482252911934534,-0.0317365227452696,4.33680868994202E-19));
#2070=CARTESIAN_POINT('',(0.0482252911934534,-0.0363365227452696,-0.00635));
#2071=CARTESIAN_POINT('',(0.0482252911934534,-0.0363365227452696,1.34170018845081E-18));
#2072=CARTESIAN_POINT('',(0.0528252911934534,-0.0363365227452696,-0.00635));
#2073=CARTESIAN_POINT('',(0.0528252911934534,-0.0363365227452696,1.34170018845081E-18));
#2074=CARTESIAN_POINT('',(0.0528252911934534,-0.0317365227452696,-0.00635));
#2075=CARTESIAN_POINT('',(0.0528252911934534,-0.0317365227452696,4.33680868994202E-19));
#2076=CARTESIAN_POINT('',(0.0505252911934534,-0.0317365227452696,-0.00635));
#2077=CARTESIAN_POINT('',(0.0528252911934534,-0.0317365227452696,-0.00635));
#2078=CARTESIAN_POINT('',(0.0482252911934534,-0.0317365227452696,-0.00635));
#2079=CARTESIAN_POINT('',(0.0482252911934534,-0.0317365227452696,-0.0066675));
#2080=CARTESIAN_POINT('',(0.0482252911934534,-0.0317365227452696,0.0003175));
#2081=CARTESIAN_POINT('',(0.0482252911934534,-0.0317365227452696,0.));
#2082=CARTESIAN_POINT('',(0.0505252911934534,-0.0317365227452696,0.));
#2083=CARTESIAN_POINT('',(0.0528252911934534,-0.0317365227452696,0.));
#2084=CARTESIAN_POINT('',(0.0528252911934534,-0.0317365227452696,-0.0066675));
#2085=CARTESIAN_POINT('',(0.0528252911934534,-0.0317365227452696,0.0003175));
#2086=CARTESIAN_POINT('',(-0.0528252911934534,-0.0317365227452696,-0.00635));
#2087=CARTESIAN_POINT('',(-0.0528252911934534,-0.0317365227452696,4.33680868994202E-19));
#2088=CARTESIAN_POINT('',(-0.0528252911934534,-0.0363365227452696,-0.00635));
#2089=CARTESIAN_POINT('',(-0.0528252911934534,-0.0363365227452696,1.34170018845081E-18));
#2090=CARTESIAN_POINT('',(-0.0482252911934534,-0.0363365227452696,-0.00635));
#2091=CARTESIAN_POINT('',(-0.0482252911934534,-0.0363365227452696,1.34170018845081E-18));
#2092=CARTESIAN_POINT('',(-0.0482252911934534,-0.0317365227452696,-0.00635));
#2093=CARTESIAN_POINT('',(-0.0482252911934534,-0.0317365227452696,4.33680868994202E-19));
#2094=CARTESIAN_POINT('',(-0.0505252911934534,-0.0317365227452696,-0.00635));
#2095=CARTESIAN_POINT('',(-0.0528252911934534,-0.0317365227452696,-0.00635));
#2096=CARTESIAN_POINT('',(-0.0482252911934534,-0.0317365227452696,-0.00635));
#2097=CARTESIAN_POINT('',(-0.0528252911934534,-0.0317365227452696,-0.0066675));
#2098=CARTESIAN_POINT('',(-0.0528252911934534,-0.0317365227452696,0.0003175));
#2099=CARTESIAN_POINT('',(-0.0528252911934534,-0.0317365227452696,0.));
#2100=CARTESIAN_POINT('',(-0.0505252911934534,-0.0317365227452696,0.));
#2101=CARTESIAN_POINT('',(-0.0482252911934534,-0.0317365227452696,0.));
#2102=CARTESIAN_POINT('',(-0.0482252911934534,-0.0317365227452696,-0.0066675));
#2103=CARTESIAN_POINT('',(-0.0482252911934534,-0.0317365227452696,0.0003175));
#2104=CARTESIAN_POINT('',(-0.0397252913540366,0.0194034775758847,-0.0127));
#2105=CARTESIAN_POINT('',(-0.0397252913540366,0.0194034775758847,-0.0381));
#2106=CARTESIAN_POINT('',(-0.0397252913540366,0.0148034775758847,-0.0127));
#2107=CARTESIAN_POINT('',(-0.0397252913540366,0.0148034775758847,-0.0381));
#2108=CARTESIAN_POINT('',(-0.0443252913540366,0.0148034775758847,-0.0127));
#2109=CARTESIAN_POINT('',(-0.0443252913540366,0.0148034775758847,-0.0381));
#2110=CARTESIAN_POINT('',(-0.0443252913540366,0.0194034775758847,-0.0127));
#2111=CARTESIAN_POINT('',(-0.0443252913540366,0.0194034775758847,-0.0381));
#2112=CARTESIAN_POINT('',(-0.0420252913540366,0.0194034775758847,-0.0127));
#2113=CARTESIAN_POINT('',(-0.0443252913540366,0.0194034775758847,-0.0127));
#2114=CARTESIAN_POINT('',(-0.0397252913540366,0.0194034775758847,-0.0127));
#2115=CARTESIAN_POINT('',(-0.0397252913540366,0.0194034775758847,-0.01143));
#2116=CARTESIAN_POINT('',(-0.0397252913540366,0.0194034775758847,-0.03937));
#2117=CARTESIAN_POINT('',(-0.0397252913540366,0.0194034775758847,-0.0381));
#2118=CARTESIAN_POINT('',(-0.0420252913540366,0.0194034775758847,-0.0381));
#2119=CARTESIAN_POINT('',(-0.0443252913540366,0.0194034775758847,-0.0381));
#2120=CARTESIAN_POINT('',(-0.0443252913540366,0.0194034775758847,-0.01143));
#2121=CARTESIAN_POINT('',(-0.0443252913540366,0.0194034775758847,-0.03937));
#2122=CARTESIAN_POINT('',(0.0442747092882934,0.0194034775758847,-0.0127));
#2123=CARTESIAN_POINT('',(0.0442747092882934,0.0194034775758847,-0.0381));
#2124=CARTESIAN_POINT('',(0.0442747092882934,0.0148034775758847,-0.0127));
#2125=CARTESIAN_POINT('',(0.0442747092882934,0.0148034775758847,-0.0381));
#2126=CARTESIAN_POINT('',(0.0396747092882934,0.0148034775758847,-0.0127));
#2127=CARTESIAN_POINT('',(0.0396747092882934,0.0148034775758847,-0.0381));
#2128=CARTESIAN_POINT('',(0.0396747092882934,0.0194034775758847,-0.0127));
#2129=CARTESIAN_POINT('',(0.0396747092882934,0.0194034775758847,-0.0381));
#2130=CARTESIAN_POINT('',(0.0419747092882934,0.0194034775758847,-0.0127));
#2131=CARTESIAN_POINT('',(0.0396747092882934,0.0194034775758847,-0.0127));
#2132=CARTESIAN_POINT('',(0.0442747092882934,0.0194034775758847,-0.0127));
#2133=CARTESIAN_POINT('',(0.0442747092882934,0.0194034775758847,-0.01143));
#2134=CARTESIAN_POINT('',(0.0442747092882934,0.0194034775758847,-0.03937));
#2135=CARTESIAN_POINT('',(0.0442747092882934,0.0194034775758847,-0.0381));
#2136=CARTESIAN_POINT('',(0.0419747092882934,0.0194034775758847,-0.0381));
#2137=CARTESIAN_POINT('',(0.0396747092882934,0.0194034775758847,-0.0381));
#2138=CARTESIAN_POINT('',(0.0396747092882934,0.0194034775758847,-0.01143));
#2139=CARTESIAN_POINT('',(0.0396747092882934,0.0194034775758847,-0.03937));
#2140=CARTESIAN_POINT('',(0.0442747092882934,-0.0195965230663853,-0.0127));
#2141=CARTESIAN_POINT('',(0.0442747092882934,-0.0195965230663853,-0.0381));
#2142=CARTESIAN_POINT('',(0.0442747092882934,-0.0241965230663853,-0.0127));
#2143=CARTESIAN_POINT('',(0.0442747092882934,-0.0241965230663853,-0.0381));
#2144=CARTESIAN_POINT('',(0.0396747092882934,-0.0241965230663853,-0.0127));
#2145=CARTESIAN_POINT('',(0.0396747092882934,-0.0241965230663853,-0.0381));
#2146=CARTESIAN_POINT('',(0.0396747092882934,-0.0195965230663853,-0.0127));
#2147=CARTESIAN_POINT('',(0.0396747092882934,-0.0195965230663853,-0.0381));
#2148=CARTESIAN_POINT('',(0.0419747092882934,-0.0195965230663853,-0.0127));
#2149=CARTESIAN_POINT('',(0.0396747092882934,-0.0195965230663853,-0.0127));
#2150=CARTESIAN_POINT('',(0.0442747092882934,-0.0195965230663853,-0.0127));
#2151=CARTESIAN_POINT('',(0.0442747092882934,-0.0195965230663853,-0.01143));
#2152=CARTESIAN_POINT('',(0.0442747092882934,-0.0195965230663853,-0.03937));
#2153=CARTESIAN_POINT('',(0.0442747092882934,-0.0195965230663853,-0.0381));
#2154=CARTESIAN_POINT('',(0.0419747092882934,-0.0195965230663853,-0.0381));
#2155=CARTESIAN_POINT('',(0.0396747092882934,-0.0195965230663853,-0.0381));
#2156=CARTESIAN_POINT('',(0.0396747092882934,-0.0195965230663853,-0.01143));
#2157=CARTESIAN_POINT('',(0.0396747092882934,-0.0195965230663853,-0.03937));
#2158=CARTESIAN_POINT('',(-0.0397252913540366,-0.0195965230663853,-0.0127));
#2159=CARTESIAN_POINT('',(-0.0397252913540366,-0.0195965230663853,-0.0381));
#2160=CARTESIAN_POINT('',(-0.0397252913540366,-0.0241965230663853,-0.0127));
#2161=CARTESIAN_POINT('',(-0.0397252913540366,-0.0241965230663853,-0.0381));
#2162=CARTESIAN_POINT('',(-0.0443252913540366,-0.0241965230663853,-0.0127));
#2163=CARTESIAN_POINT('',(-0.0443252913540366,-0.0241965230663853,-0.0381));
#2164=CARTESIAN_POINT('',(-0.0443252913540366,-0.0195965230663853,-0.0127));
#2165=CARTESIAN_POINT('',(-0.0443252913540366,-0.0195965230663853,-0.0381));
#2166=CARTESIAN_POINT('',(-0.0420252913540366,-0.0195965230663853,-0.0127));
#2167=CARTESIAN_POINT('',(-0.0443252913540366,-0.0195965230663853,-0.0127));
#2168=CARTESIAN_POINT('',(-0.0397252913540366,-0.0195965230663853,-0.0127));
#2169=CARTESIAN_POINT('',(-0.0397252913540366,-0.0195965230663853,-0.01143));
#2170=CARTESIAN_POINT('',(-0.0397252913540366,-0.0195965230663853,-0.03937));
#2171=CARTESIAN_POINT('',(-0.0397252913540366,-0.0195965230663853,-0.0381));
#2172=CARTESIAN_POINT('',(-0.0420252913540366,-0.0195965230663853,-0.0381));
#2173=CARTESIAN_POINT('',(-0.0443252913540366,-0.0195965230663853,-0.0381));
#2174=CARTESIAN_POINT('',(-0.0443252913540366,-0.0195965230663853,-0.01143));
#2175=CARTESIAN_POINT('',(-0.0443252913540366,-0.0195965230663853,-0.03937));
#2176=CARTESIAN_POINT('',(-0.0550252911934534,-0.0362365227452696,-0.040005));
#2177=CARTESIAN_POINT('',(-0.0550252911934534,0.0324034774153036,-0.040005));
#2178=CARTESIAN_POINT('',(-0.0550252911934534,-0.0362365227452696,-0.0270882616631326));
#2179=CARTESIAN_POINT('',(-0.0550252911934534,0.0324034774153036,-0.0270882616631326));
#2180=CARTESIAN_POINT('',(-0.0550252911934534,0.0324035736547305,-0.0270882616631326));
#2181=CARTESIAN_POINT('',(-0.0550252911934534,0.0324034774153036,-0.0270882616631326));
#2182=CARTESIAN_POINT('',(-0.0550252911934534,-0.0362365227452696,-0.0270882616631326));
#2183=CARTESIAN_POINT('',(-0.0550252911934534,0.0324034774153036,-0.0381));
#2184=CARTESIAN_POINT('',(-0.0550252911934534,0.0324034774153036,-0.040005));
#2185=CARTESIAN_POINT('',(-0.0550252911934534,-0.00191652266498294,-0.040005));
#2186=CARTESIAN_POINT('',(-0.0550252911934534,-0.0362365227452696,-0.040005));
#2187=CARTESIAN_POINT('',(-0.0550252911934534,-0.0362365227452696,-0.0381));
#2188=CARTESIAN_POINT('',(-0.0550252911934534,-0.0362365227452696,-0.0112132616631326));
#2189=CARTESIAN_POINT('',(-0.0550252911934534,0.0324034774153036,-0.0112132616631326));
#2190=CARTESIAN_POINT('',(-0.0550252911934534,-0.0362365227452696,-1.95156391047391E-18));
#2191=CARTESIAN_POINT('',(-0.0550252911934534,0.0324034774153036,-1.95156391047391E-18));
#2192=CARTESIAN_POINT('',(-0.0550252911934534,-0.00191652266498292,-0.0112132616631326));
#2193=CARTESIAN_POINT('',(-0.0550252911934534,-0.0362365227452696,-0.0112132616631326));
#2194=CARTESIAN_POINT('',(-0.0550252911934534,0.0324034774153036,-0.0112132616631326));
#2195=CARTESIAN_POINT('',(-0.0550252911934534,-0.0362365227452696,-0.0381));
#2196=CARTESIAN_POINT('',(-0.0550252911934534,-0.0362365227452696,0.));
#2197=CARTESIAN_POINT('',(-0.0550252911934534,-0.000416522664982932,0.));
#2198=CARTESIAN_POINT('',(-0.0550252911934534,0.0324034774153036,0.));
#2199=CARTESIAN_POINT('',(-0.0550252911934534,0.0324034774153036,-0.0381));
#2200=CARTESIAN_POINT('',(-0.0517252912014805,0.0244034774153037,0.001905));
#2201=CARTESIAN_POINT('',(0.0516747089751595,0.0244034774153037,0.001905));
#2202=CARTESIAN_POINT('',(-0.0517252912014805,0.0244034774153037,-0.040005));
#2203=CARTESIAN_POINT('',(0.0516747089751595,0.0244034774153037,-0.040005));
#2204=CARTESIAN_POINT('',(-0.0470252911934514,0.0244034774153037,-0.0381));
#2205=CARTESIAN_POINT('',(-0.0470252911934514,0.0244034774153037,-0.0127));
#2206=CARTESIAN_POINT('',(-0.0470252911934514,0.0244034774153037,0.));
#2207=CARTESIAN_POINT('',(-0.0445252911934515,0.0244034774153037,-0.0127));
#2208=CARTESIAN_POINT('',(-0.0370252915146217,0.0244034772547167,-0.0127));
#2209=CARTESIAN_POINT('',(-0.0370252915146217,0.0244034772547167,-0.0127));
#2210=CARTESIAN_POINT('',(-0.0370252915146217,0.0244034774153037,-0.0381));
#2211=CARTESIAN_POINT('',(-0.0445252911934515,0.0244034774153037,-0.0381));
#2212=CARTESIAN_POINT('',(0.0369747096094564,0.0244034774153037,-0.0381));
#2213=CARTESIAN_POINT('',(0.0369747096094564,0.0244034774153037,-0.0127));
#2214=CARTESIAN_POINT('',(0.0369747096094564,0.0244034774153037,-0.0127));
#2215=CARTESIAN_POINT('',(0.0444747091277119,0.0244034774153037,-0.0127));
#2216=CARTESIAN_POINT('',(0.0469747089671304,0.0244034774153037,-0.0127));
#2217=CARTESIAN_POINT('',(0.0469747089671304,0.0244034774153037,-0.0381));
#2218=CARTESIAN_POINT('',(0.0469747089671304,0.0244034774153037,0.));
#2219=CARTESIAN_POINT('',(-0.0445252911934515,0.0244034774153037,0.));
#2220=CARTESIAN_POINT('',(0.00633958601222762,0.0244034774153037,-0.0381));
#2221=CARTESIAN_POINT('',(0.00633958601222762,0.0244034774153037,-0.01143));
#2222=CARTESIAN_POINT('',(0.00633958601222762,0.0244034774153037,-0.02413));
#2223=CARTESIAN_POINT('',(-0.0445252911934515,0.0244034774153037,-0.02413));
#2224=CARTESIAN_POINT('',(-0.00636041398777239,0.0244034774153037,-0.02413));
#2225=CARTESIAN_POINT('',(-0.00636041398777239,0.0244034774153037,-0.0381));
#2226=CARTESIAN_POINT('',(-0.00636041398777239,0.0244034774153037,-0.01143));
#2227=CARTESIAN_POINT('',(-0.0445252911934515,0.0244034774153037,-0.01143));
#2228=CARTESIAN_POINT('',(-0.0871952912014826,0.0324034774153036,0.002159));
#2229=CARTESIAN_POINT('',(0.0617447089751596,0.0324034774153036,0.002159));
#2230=CARTESIAN_POINT('',(-0.0871952912014826,0.0324034774153036,-0.045339));
#2231=CARTESIAN_POINT('',(0.0617447089751596,0.0324034774153036,-0.045339));
#2232=CARTESIAN_POINT('',(-2.52911131615047E-5,0.0324034774153036,0.));
#2233=CARTESIAN_POINT('',(0.0549747089671304,0.0324034774153036,0.));
#2234=CARTESIAN_POINT('',(0.0549747089671304,0.0324034774153036,-0.0381));
#2235=CARTESIAN_POINT('',(0.0549747089671304,0.0324034774153036,-0.04318));
#2236=CARTESIAN_POINT('',(-2.52911131615047E-5,0.0324034774153036,-0.04318));
#2237=CARTESIAN_POINT('',(-0.0804252911934534,0.0324034774153036,-0.04318));
#2238=CARTESIAN_POINT('',(-0.0804252911934534,0.0324034774153036,-0.0381));
#2239=CARTESIAN_POINT('',(-0.0804252911934534,0.0324034774153036,-0.040005));
#2240=CARTESIAN_POINT('',(-0.0804252911934534,0.0324034774153036,-0.040005));
#2241=CARTESIAN_POINT('',(-0.0550252911934534,0.0324035736547305,-0.0381));
#2242=CARTESIAN_POINT('',(-0.0550252911934534,0.0324035255350171,-0.0143882616631326));
#2243=CARTESIAN_POINT('',(-0.0804252911934534,0.0324035736547305,-0.0143882616631326));
#2244=CARTESIAN_POINT('',(-0.0677252911934534,0.0324034774153036,-0.0143882616631326));
#2245=CARTESIAN_POINT('',(-0.0804252911934534,0.0324034774153036,-0.0143882616631326));
#2246=CARTESIAN_POINT('',(-0.0804252911934534,0.0324034774153036,-0.0143882616631326));
#2247=CARTESIAN_POINT('',(-0.0804252911934534,0.0324034774153036,-0.0381));
#2248=CARTESIAN_POINT('',(-0.0804252911934534,0.0324034774153036,-0.0112132616631326));
#2249=CARTESIAN_POINT('',(-0.0804252911934534,0.0324034774153036,-0.0112132616631326));
#2250=CARTESIAN_POINT('',(-1.04139877723859E-5,0.0324034774153036,-0.02413));
#2251=CARTESIAN_POINT('',(-0.00636041398777239,0.0324034774153036,-0.02413));
#2252=CARTESIAN_POINT('',(0.00633958601222762,0.0324034774153036,-0.02413));
#2253=CARTESIAN_POINT('',(0.00633958601222762,0.0324034774153036,-0.01778));
#2254=CARTESIAN_POINT('',(0.00633958601222762,0.0324034774153036,-0.01143));
#2255=CARTESIAN_POINT('',(-1.04139877723855E-5,0.0324034774153036,-0.01143));
#2256=CARTESIAN_POINT('',(-0.00636041398777239,0.0324034774153036,-0.01143));
#2257=CARTESIAN_POINT('',(-0.00636041398777239,0.0324034774153036,-0.01778));
#2258=CARTESIAN_POINT('',(0.0469747089671304,-0.0275715227532792,-0.040005));
#2259=CARTESIAN_POINT('',(0.0469747089671304,0.0268784774233315,-0.040005));
#2260=CARTESIAN_POINT('',(0.0469747089671304,-0.0275715227532792,0.001905));
#2261=CARTESIAN_POINT('',(0.0469747089671304,0.0268784774233315,0.001905));
#2262=CARTESIAN_POINT('',(0.0469747089671304,0.00443347733501707,-0.0381));
#2263=CARTESIAN_POINT('',(0.0469747089671304,0.00443347733501707,-0.00889));
#2264=CARTESIAN_POINT('',(0.0469747089671304,0.00443347733501707,-0.03429));
#2265=CARTESIAN_POINT('',(0.0469747089671304,-9.65228255413383E-5,-0.03429));
#2266=CARTESIAN_POINT('',(0.0469747089671304,0.0107834773350171,-0.03429));
#2267=CARTESIAN_POINT('',(0.0469747089671304,0.0107834773350171,-0.0381));
#2268=CARTESIAN_POINT('',(0.0469747089671304,0.0107834773350171,-0.00889));
#2269=CARTESIAN_POINT('',(0.0469747089671304,-9.65228255413383E-5,-0.00889));
#2270=CARTESIAN_POINT('',(0.0469747089671304,-0.00509152266498293,-0.0381));
#2271=CARTESIAN_POINT('',(0.0469747089671304,-0.00509152266498293,-0.00889));
#2272=CARTESIAN_POINT('',(0.0469747089671304,-0.00509152266498293,-0.03429));
#2273=CARTESIAN_POINT('',(0.0469747089671304,-9.65228255413383E-5,-0.03429));
#2274=CARTESIAN_POINT('',(0.0469747089671304,0.00125847733501706,-0.03429));
#2275=CARTESIAN_POINT('',(0.0469747089671304,0.00125847733501706,-0.0381));
#2276=CARTESIAN_POINT('',(0.0469747089671304,0.00125847733501706,-0.00889));
#2277=CARTESIAN_POINT('',(0.0469747089671304,-9.65228255413383E-5,-0.00889));
#2278=CARTESIAN_POINT('',(0.0469747089671304,-9.65228255413383E-5,-0.00889));
#2279=CARTESIAN_POINT('',(0.0469747089671304,-0.00826652266498293,-0.00889));
#2280=CARTESIAN_POINT('',(0.0469747089671304,-0.0146165226649829,-0.00889));
#2281=CARTESIAN_POINT('',(0.0469747089671304,-0.0146165226649829,-0.0381));
#2282=CARTESIAN_POINT('',(0.0469747089671304,-0.0146165226649829,-0.0127));
#2283=CARTESIAN_POINT('',(0.0469747089671304,-0.0170965231466918,-0.0127));
#2284=CARTESIAN_POINT('',(0.0469747089671304,-0.0245965227452524,-0.0127));
#2285=CARTESIAN_POINT('',(0.0469747089671304,-0.0245965227452524,-0.0127));
#2286=CARTESIAN_POINT('',(0.0469747089671304,-0.0245965227452524,-0.0381));
#2287=CARTESIAN_POINT('',(0.0469747089671304,-9.65228255413383E-5,-0.0381));
#2288=CARTESIAN_POINT('',(0.0469747089671304,-0.0250965227452514,-0.0381));
#2289=CARTESIAN_POINT('',(0.0469747089671304,-0.0250965227452533,-0.0381));
#2290=CARTESIAN_POINT('',(0.0469747089671304,-0.0250965227452514,0.));
#2291=CARTESIAN_POINT('',(0.0469747089671304,-9.65228255413383E-5,0.));
#2292=CARTESIAN_POINT('',(0.0469747089671304,0.0219034774955942,-0.0127));
#2293=CARTESIAN_POINT('',(0.0469747089671304,0.0144034777364656,-0.0127));
#2294=CARTESIAN_POINT('',(0.0469747089671304,0.0144034777364656,-0.0127));
#2295=CARTESIAN_POINT('',(0.0469747089671304,0.0144034777364656,-0.0381));
#2296=CARTESIAN_POINT('',(0.0469747089671304,-9.65228255413383E-5,-0.0381));
#2297=CARTESIAN_POINT('',(0.0469747089671304,-0.0145965233875483,-0.0381));
#2298=CARTESIAN_POINT('',(0.0469747089671304,-0.0145965233875483,-0.0127));
#2299=CARTESIAN_POINT('',(0.0469747089671304,-0.0145965233875483,-0.03429));
#2300=CARTESIAN_POINT('',(0.0469747089671304,-9.65228255413383E-5,-0.03429));
#2301=CARTESIAN_POINT('',(0.0469747089671304,-0.00826652266498293,-0.03429));
#2302=CARTESIAN_POINT('',(0.0469747089671304,-0.00826652266498293,-0.0381));
#2303=CARTESIAN_POINT('',(0.0549747089671304,-0.0396685227532982,-0.045339));
#2304=CARTESIAN_POINT('',(0.0549747089671304,0.0358354774233323,-0.045339));
#2305=CARTESIAN_POINT('',(0.0549747089671304,-0.0396685227532982,0.002159));
#2306=CARTESIAN_POINT('',(0.0549747089671304,0.0358354774233323,0.002159));
#2307=CARTESIAN_POINT('',(0.0549747089671304,-0.00191652266498294,-0.03429));
#2308=CARTESIAN_POINT('',(0.0549747089671304,0.00125847733501706,-0.03429));
#2309=CARTESIAN_POINT('',(0.0549747089671304,-0.00509152266498293,-0.03429));
#2310=CARTESIAN_POINT('',(0.0549747089671304,-0.00509152266498293,-0.02159));
#2311=CARTESIAN_POINT('',(0.0549747089671304,-0.00509152266498293,-0.00889));
#2312=CARTESIAN_POINT('',(0.0549747089671304,-0.00191652266498293,-0.00889));
#2313=CARTESIAN_POINT('',(0.0549747089671304,0.00125847733501706,-0.00889));
#2314=CARTESIAN_POINT('',(0.0549747089671304,0.00125847733501706,-0.02159));
#2315=CARTESIAN_POINT('',(0.0549747089671304,-0.000416522664982932,0.));
#2316=CARTESIAN_POINT('',(0.0549747089671304,-0.0362365227452696,0.));
#2317=CARTESIAN_POINT('',(0.0549747089671304,-0.0362365227452696,-0.0381));
#2318=CARTESIAN_POINT('',(0.0549747089671304,-0.0362365227452696,-0.04318));
#2319=CARTESIAN_POINT('',(0.0549747089671304,-0.000416522664982932,-0.04318));
#2320=CARTESIAN_POINT('',(0.0549747089671304,0.00760847733501707,-0.03429));
#2321=CARTESIAN_POINT('',(0.0549747089671304,0.0107834773350171,-0.03429));
#2322=CARTESIAN_POINT('',(0.0549747089671304,0.00443347733501707,-0.03429));
#2323=CARTESIAN_POINT('',(0.0549747089671304,0.00443347733501707,-0.02159));
#2324=CARTESIAN_POINT('',(0.0549747089671304,0.00443347733501707,-0.00889));
#2325=CARTESIAN_POINT('',(0.0549747089671304,0.00760847733501706,-0.00889));
#2326=CARTESIAN_POINT('',(0.0549747089671304,0.0107834773350171,-0.00889));
#2327=CARTESIAN_POINT('',(0.0549747089671304,0.0107834773350171,-0.02159));
#2328=CARTESIAN_POINT('',(0.0549747089671304,-0.0146165226649829,-0.02159));
#2329=CARTESIAN_POINT('',(0.0549747089671304,-0.0146165226649829,-0.03429));
#2330=CARTESIAN_POINT('',(0.0549747089671304,-0.0146165226649829,-0.00889));
#2331=CARTESIAN_POINT('',(0.0549747089671304,-0.0114415226649829,-0.00889));
#2332=CARTESIAN_POINT('',(0.0549747089671304,-0.00826652266498293,-0.00889));
#2333=CARTESIAN_POINT('',(0.0549747089671304,-0.00826652266498293,-0.02159));
#2334=CARTESIAN_POINT('',(0.0549747089671304,-0.00826652266498293,-0.03429));
#2335=CARTESIAN_POINT('',(0.0549747089671304,-0.0114415226649829,-0.03429));
#2336=CARTESIAN_POINT('',(0.0369747096094264,-0.0250965227131376,-0.03937));
#2337=CARTESIAN_POINT('',(0.0369747096094264,-0.0140965234196631,-0.03937));
#2338=CARTESIAN_POINT('',(0.0369747096094264,-0.0250965227131376,-0.01143));
#2339=CARTESIAN_POINT('',(0.0369747096094264,-0.0140965234196631,-0.01143));
#2340=CARTESIAN_POINT('',(0.0369747096094264,-0.0195965230663853,-0.0127));
#2341=CARTESIAN_POINT('',(0.0369747096094264,-0.0245965227452524,-0.0127));
#2342=CARTESIAN_POINT('',(0.0369747096094264,-0.0146165226649829,-0.0127));
#2343=CARTESIAN_POINT('',(0.0369747096094264,-0.0146165226649829,-0.0127));
#2344=CARTESIAN_POINT('',(0.0369747096094264,-0.0146165226649829,-0.03429));
#2345=CARTESIAN_POINT('',(0.0369747096094264,-0.0195965230663853,-0.03429));
#2346=CARTESIAN_POINT('',(0.0369747096094264,-0.0145965233875483,-0.03429));
#2347=CARTESIAN_POINT('',(0.0369747096094264,-0.0145965233875483,-0.0127));
#2348=CARTESIAN_POINT('',(0.0369747096094264,-0.0145965233875483,-0.0381));
#2349=CARTESIAN_POINT('',(0.0369747096094264,-0.0195965230663853,-0.0381));
#2350=CARTESIAN_POINT('',(0.0369747096094264,-0.0245965227452524,-0.0381));
#2351=CARTESIAN_POINT('',(0.0369747096094264,-0.0245965227452524,-0.0127));
#2352=CARTESIAN_POINT('',(0.0364747096415412,-0.0250955227492658,-0.0127));
#2353=CARTESIAN_POINT('',(0.0364747096415412,-0.0141175226609694,-0.0127));
#2354=CARTESIAN_POINT('',(0.0474747089350156,-0.0250955227492658,-0.0127));
#2355=CARTESIAN_POINT('',(0.0474747089350156,-0.0141175226609694,-0.0127));
#2356=CARTESIAN_POINT('',(0.0419747092882934,-0.0195965230663853,-0.0127));
#2357=CARTESIAN_POINT('',(-2.52911131615047E-5,-0.0146165226649829,-0.0127));
#2358=CARTESIAN_POINT('',(0.0394747093685699,-0.0245965227452524,-0.0127));
#2359=CARTESIAN_POINT('',(-0.0605252912014826,-0.0396685227532982,0.));
#2360=CARTESIAN_POINT('',(-0.0605252912014826,0.0358354774233323,0.));
#2361=CARTESIAN_POINT('',(0.0604747089751596,-0.0396685227532982,0.));
#2362=CARTESIAN_POINT('',(0.0604747089751596,0.0358354774233323,0.));
#2363=CARTESIAN_POINT('',(-0.0505252911934534,0.0279034774153037,0.));
#2364=CARTESIAN_POINT('',(0.0505252911934534,-0.0317365227452696,0.));
#2365=CARTESIAN_POINT('',(-0.0505252911934534,-0.0317365227452696,0.));
#2366=CARTESIAN_POINT('',(0.0460122089671323,-0.0250965227452529,0.));
#2367=CARTESIAN_POINT('',(0.0370497089671298,-0.0250965227452494,0.));
#2368=CARTESIAN_POINT('',(0.0370497089671275,-0.0306665227452565,0.));
#2369=CARTESIAN_POINT('',(0.0370497089671281,-0.0332365227452696,0.));
#2370=CARTESIAN_POINT('',(0.0399922089671284,-0.0332365227452696,0.));
#2371=CARTESIAN_POINT('',(-0.0371002910328723,-0.0332365227452696,0.));
#2372=CARTESIAN_POINT('',(-0.0371002910328723,-0.0327065227452346,0.));
#2373=CARTESIAN_POINT('',(-0.0371002910328719,-0.0291765227452378,0.));
#2374=CARTESIAN_POINT('',(-0.00191029103287189,-0.0291765227452516,0.));
#2375=CARTESIAN_POINT('',(0.0332797089671281,-0.0291765227452654,0.));
#2376=CARTESIAN_POINT('',(0.033279708967129,-0.0271365227452658,0.));
#2377=CARTESIAN_POINT('',(0.0332797089671298,-0.0250965227452662,0.));
#2378=CARTESIAN_POINT('',(-0.00191029103287098,-0.0250965227452524,0.));
#2379=CARTESIAN_POINT('',(-0.0470252911934514,-0.0250965227452504,0.));
#2380=CARTESIAN_POINT('',(-0.0470252911934514,-0.028916522745261,0.));
#2381=CARTESIAN_POINT('',(-2.52911131615047E-5,-0.0362365227452696,0.));
#2382=CARTESIAN_POINT('',(0.0505252911934534,0.0279034774153037,0.));
#2383=CARTESIAN_POINT('',(-0.0517252912014826,-0.0318555227532939,-0.0381));
#2384=CARTESIAN_POINT('',(-0.0517252912014826,0.0270824774233322,-0.0381));
#2385=CARTESIAN_POINT('',(0.0516747089751596,-0.0318555227532939,-0.0381));
#2386=CARTESIAN_POINT('',(0.0516747089751596,0.0270824774233322,-0.0381));
#2387=CARTESIAN_POINT('',(-0.0370252915146217,0.0194034775758847,-0.0381));
#2388=CARTESIAN_POINT('',(-0.0370252915146217,0.0144034777364656,-0.0381));
#2389=CARTESIAN_POINT('',(-0.0420252913540366,0.0144034777364656,-0.0381));
#2390=CARTESIAN_POINT('',(-0.0470252911934514,0.0144034777364656,-0.0381));
#2391=CARTESIAN_POINT('',(-0.0470252911934514,-0.028916522745261,-0.0381));
#2392=CARTESIAN_POINT('',(-0.0470252911934534,-0.0145965233875183,-0.0381));
#2393=CARTESIAN_POINT('',(-0.0420252913540366,-0.0145965233875183,-0.0381));
#2394=CARTESIAN_POINT('',(-0.0370252915146217,-0.0145965233875183,-0.0381));
#2395=CARTESIAN_POINT('',(-0.0370252915146217,-0.0195965230663853,-0.0381));
#2396=CARTESIAN_POINT('',(-0.0370252915146217,-0.0245965227452524,-0.0381));
#2397=CARTESIAN_POINT('',(-0.044525291273745,-0.0245965227452524,-0.0381));
#2398=CARTESIAN_POINT('',(-0.0470252911934534,-0.0245965227452524,-0.0381));
#2399=CARTESIAN_POINT('',(-0.0470252911934514,-0.028916522745261,-0.0381));
#2400=CARTESIAN_POINT('',(-0.0470252911934514,-0.0250965227452504,-0.0381));
#2401=CARTESIAN_POINT('',(-2.52911131688381E-5,-0.0250965227452531,-0.0381));
#2402=CARTESIAN_POINT('',(0.0332797089671298,-0.0250965227452662,-0.0381));
#2403=CARTESIAN_POINT('',(0.0332797089671371,-0.00643339896279875,-0.0381));
#2404=CARTESIAN_POINT('',(0.0332797089671281,-0.0291765227452654,-0.0381));
#2405=CARTESIAN_POINT('',(-2.52910328726805E-5,-0.0291765227452378,-0.0381));
#2406=CARTESIAN_POINT('',(0.0370497089671281,-0.0291765227452378,-0.0381));
#2407=CARTESIAN_POINT('',(0.0370497089671371,-0.00643339896280024,-0.0381));
#2408=CARTESIAN_POINT('',(0.0370497089671298,-0.0250965227452494,-0.0381));
#2409=CARTESIAN_POINT('',(-2.52911131688413E-5,-0.0250965227452348,-0.0381));
#2410=CARTESIAN_POINT('',(0.0394747093685699,-0.0245965227452524,-0.0381));
#2411=CARTESIAN_POINT('',(0.0419747092882934,-0.0145965233875483,-0.0381));
#2412=CARTESIAN_POINT('',(0.0419747092882934,0.0144034777364656,-0.0381));
#2413=CARTESIAN_POINT('',(0.0369747096094564,0.0144034777364656,-0.0381));
#2414=CARTESIAN_POINT('',(0.0369747096094564,0.0194034775758847,-0.0381));
#2415=CARTESIAN_POINT('',(-0.0470252911934514,-0.0275715227532782,-0.040005));
#2416=CARTESIAN_POINT('',(-0.0470252911934514,0.0268784774233314,-0.040005));
#2417=CARTESIAN_POINT('',(-0.0470252911934514,-0.0275715227532782,0.001905));
#2418=CARTESIAN_POINT('',(-0.0470252911934514,0.0268784774233314,0.001905));
#2419=CARTESIAN_POINT('',(-0.0470252911934514,0.0144034777364656,-0.0127));
#2420=CARTESIAN_POINT('',(-0.0470252911934514,0.0144034777364656,-0.0127));
#2421=CARTESIAN_POINT('',(-0.0470252911934514,0.0219034774955942,-0.0127));
#2422=CARTESIAN_POINT('',(-0.0470252911934514,-0.0250965227452347,-0.0381));
#2423=CARTESIAN_POINT('',(-0.0470252911934534,-0.0245965227452524,-0.0127));
#2424=CARTESIAN_POINT('',(-0.0470252911934534,-0.0245965227452524,-0.0127));
#2425=CARTESIAN_POINT('',(-0.0470252911934514,-0.0220965228255438,-0.0127));
#2426=CARTESIAN_POINT('',(-0.0470252911934514,-0.0145965233875183,-0.0127));
#2427=CARTESIAN_POINT('',(-0.0470252911934534,-0.0145965233875183,-0.0127));
#2428=CARTESIAN_POINT('',(0.0367987089671281,-0.0291765227452668,-0.035469));
#2429=CARTESIAN_POINT('',(0.0367987089671281,-0.0291765227452668,0.001689));
#2430=CARTESIAN_POINT('',(-0.0406192910328719,-0.0291765227452364,-0.035469));
#2431=CARTESIAN_POINT('',(-0.0406192910328719,-0.0291765227452364,0.001689));
#2432=CARTESIAN_POINT('',(-2.52910328726805E-5,-0.0291765227452378,-0.03378));
#2433=CARTESIAN_POINT('',(0.0332797089671281,-0.0291765227452654,-0.03378));
#2434=CARTESIAN_POINT('',(-0.0371002910328719,-0.0291765227452378,-0.03378));
#2435=CARTESIAN_POINT('',(0.0332797089671281,-0.0291765227452654,2.000000000002E-6));
#2436=CARTESIAN_POINT('',(-0.0371002910328719,-0.0291765227452378,2.000000000002E-6));
#2437=CARTESIAN_POINT('',(-0.0408077910328724,-0.0332365227452696,0.000634999999999997));
#2438=CARTESIAN_POINT('',(0.0407572089671299,-0.0332365227452696,0.000634999999999997));
#2439=CARTESIAN_POINT('',(-0.0408077910328724,-0.0332365227452696,-0.013335));
#2440=CARTESIAN_POINT('',(0.0407572089671299,-0.0332365227452696,-0.013335));
#2441=CARTESIAN_POINT('',(0.0399922089671284,-0.0332365227452696,-0.0127));
#2442=CARTESIAN_POINT('',(0.0370497089671298,-0.0332365227452696,-0.0127));
#2443=CARTESIAN_POINT('',(-0.030760291032874,-0.0332365227452696,-0.0127));
#2444=CARTESIAN_POINT('',(-0.0307602910328739,-0.0332365227452696,-0.0381));
#2445=CARTESIAN_POINT('',(-0.030760291032874,-0.0332365227452696,-0.00838));
#2446=CARTESIAN_POINT('',(0.0399922089671284,-0.0332365227452696,-0.00838));
#2447=CARTESIAN_POINT('',(-0.0371002910328723,-0.0332365227452696,-0.00838));
#2448=CARTESIAN_POINT('',(-0.0371002910328723,-0.0332365227452696,-0.0381));
#2449=CARTESIAN_POINT('',(0.0370497089671265,-0.0332365227452696,-0.0381));
#2450=CARTESIAN_POINT('',(-0.0871952912014826,-0.0362365227452696,0.002159));
#2451=CARTESIAN_POINT('',(0.0617447089751596,-0.0362365227452696,0.002159));
#2452=CARTESIAN_POINT('',(-0.0871952912014826,-0.0362365227452696,-0.045339));
#2453=CARTESIAN_POINT('',(0.0617447089751596,-0.0362365227452696,-0.045339));
#2454=CARTESIAN_POINT('',(-2.52911131615047E-5,-0.0362365227452696,-0.03378));
#2455=CARTESIAN_POINT('',(-0.030760291032874,-0.0362365227452696,-0.03378));
#2456=CARTESIAN_POINT('',(0.0317492127351455,-0.0362365227452696,-0.03378));
#2457=CARTESIAN_POINT('',(-0.030760291032874,-0.0362365227452696,-0.00838));
#2458=CARTESIAN_POINT('',(-0.030760291032874,-0.0362365227452696,-0.0127));
#2459=CARTESIAN_POINT('',(-2.52911131615047E-5,-0.0362365227452696,-0.0127));
#2460=CARTESIAN_POINT('',(0.0317492127351455,-0.0362365227452696,-0.0127));
#2461=CARTESIAN_POINT('',(0.0317492127351455,-0.0362365227452696,-0.00838));
#2462=CARTESIAN_POINT('',(-0.0804252911934534,-0.0362365227452696,-0.0112132616631326));
#2463=CARTESIAN_POINT('',(-0.0804252911934534,-0.0362365227452696,-0.0112132616631326));
#2464=CARTESIAN_POINT('',(-0.0804252911934534,-0.0362365227452696,-0.0381));
#2465=CARTESIAN_POINT('',(-0.0804252911934534,-0.0362365227452696,-0.0143882616631326));
#2466=CARTESIAN_POINT('',(-0.0804252911934534,-0.0362365227452696,-0.0143882616631326));
#2467=CARTESIAN_POINT('',(-0.0677252911934534,-0.0362365227452696,-0.0143882616631326));
#2468=CARTESIAN_POINT('',(-0.0613752911934534,-0.0362365227452696,-0.0207382616631327));
#2469=CARTESIAN_POINT('',(-0.0804252911934534,-0.0362365227452696,-0.040005));
#2470=CARTESIAN_POINT('',(-0.0804252911934534,-0.0362365227452696,-0.040005));
#2471=CARTESIAN_POINT('',(-0.0804252911934534,-0.0362365227452696,-0.0381));
#2472=CARTESIAN_POINT('',(-0.0804252911934534,-0.0362365227452696,-0.04318));
#2473=CARTESIAN_POINT('',(-2.52911131615047E-5,-0.0362365227452696,-0.04318));
#2474=CARTESIAN_POINT('',(-0.0575652911934534,-0.0362365227452696,-0.0189422104389188));
#2475=CARTESIAN_POINT('',(-0.0575652911934534,-0.0362365227452696,-0.020956159214705));
#2476=CARTESIAN_POINT('',(-0.0575652911934534,-0.0362365227452696,-0.0169282616631326));
#2477=CARTESIAN_POINT('',(-0.0595792399692396,-0.0362365227452696,-0.0189422104389188));
#2478=CARTESIAN_POINT('',(-0.0615931887450258,-0.0362365227452696,-0.0169282616631326));
#2479=CARTESIAN_POINT('',(-0.0595792399692396,-0.0362365227452696,-0.0169282616631326));
#2480=CARTESIAN_POINT('',(-0.0871952912014826,-0.0396685227532982,-0.04318));
#2481=CARTESIAN_POINT('',(-0.0871952912014826,0.0358354774233323,-0.04318));
#2482=CARTESIAN_POINT('',(0.0617447089751596,-0.0396685227532982,-0.04318));
#2483=CARTESIAN_POINT('',(0.0617447089751596,0.0358354774233323,-0.04318));
#2484=CARTESIAN_POINT('',(-0.0804252911934534,-0.000416522664982932,-0.04318));
#2485=CARTESIAN_POINT('',(-0.0341507910328742,-0.0330865227452403,-0.0127));
#2486=CARTESIAN_POINT('',(0.0404402089671311,-0.0330865227452696,-0.0127));
#2487=CARTESIAN_POINT('',(-0.0341507910328755,-0.0363865227452696,-0.0127));
#2488=CARTESIAN_POINT('',(0.0404402089671298,-0.0363865227452989,-0.0127));
#2489=CARTESIAN_POINT('',(-0.030760291032874,-0.0308765227452523,-0.0127));
#2490=CARTESIAN_POINT('',(0.0370497089671298,-0.0248465227452674,-0.0127));
#2491=CARTESIAN_POINT('',(0.0370497089671298,-0.0356878982164729,-0.0127));
#2492=CARTESIAN_POINT('',(9.85267681127681E-5,-0.0365013015955961,-0.0127));
#2493=CARTESIAN_POINT('',(0.0317397089671265,-0.0358047868161362,-0.0127));
#2494=CARTESIAN_POINT('',(0.0316158911661413,-0.0301800079657926,-0.0127));
#2495=CARTESIAN_POINT('',(0.0370497089671298,-0.0362174669900341,-0.040005));
#2496=CARTESIAN_POINT('',(0.0370497089671298,-0.0245669539716883,-0.040005));
#2497=CARTESIAN_POINT('',(0.0370497089671298,-0.0362174669900341,0.001905));
#2498=CARTESIAN_POINT('',(0.0370497089671298,-0.0245669539716883,0.001905));
#2499=CARTESIAN_POINT('',(0.0370497089671298,-0.0356878982164729,-0.00838));
#2500=CARTESIAN_POINT('',(0.0370497089671298,-0.0356878982164729,-0.03378));
#2501=CARTESIAN_POINT('',(0.0370497089671298,-0.0250965227452494,2.000000000002E-6));
#2502=CARTESIAN_POINT('',(0.0370497089671281,-0.0291765227452378,-0.033778));
#2503=CARTESIAN_POINT('',(0.0370497089671281,-0.0291765227452378,-0.03378));
#2504=CARTESIAN_POINT('',(0.0370497089671298,-0.0248465227452674,-0.03378));
#2505=CARTESIAN_POINT('',(-0.0408077910328724,-0.0288235227452362,-0.03378));
#2506=CARTESIAN_POINT('',(-0.0408077910328724,-0.0365895227452711,-0.03378));
#2507=CARTESIAN_POINT('',(0.0407572089671299,-0.0288235227452362,-0.03378));
#2508=CARTESIAN_POINT('',(0.0407572089671299,-0.0365895227452711,-0.03378));
#2509=CARTESIAN_POINT('',(-0.0371002910328723,-0.0327065227452346,-0.03378));
#2510=CARTESIAN_POINT('',(-0.0371002910328723,-0.0321465227452378,-0.03378));
#2511=CARTESIAN_POINT('',(-0.0339302910328729,-0.032146522745239,-0.03378));
#2512=CARTESIAN_POINT('',(-0.0307602910328731,-0.0321465227452402,-0.03378));
#2513=CARTESIAN_POINT('',(-0.030760291032874,-0.0353715227452549,-0.03378));
#2514=CARTESIAN_POINT('',(0.031744460851136,-0.0360206547807028,-0.03378));
#2515=CARTESIAN_POINT('',(0.0317397089671265,-0.0358047868161362,-0.03378));
#2516=CARTESIAN_POINT('',(0.0344086837851971,-0.035746034889767,-0.03378));
#2517=CARTESIAN_POINT('',(-2.52910328726805E-5,-0.0291765227452378,-0.03378));
#2518=CARTESIAN_POINT('',(-0.0371002910328723,-0.0334395227452711,-0.035469));
#2519=CARTESIAN_POINT('',(-0.0371002910328723,-0.0289735227452362,-0.035469));
#2520=CARTESIAN_POINT('',(-0.0371002910328723,-0.0334395227452711,0.001689));
#2521=CARTESIAN_POINT('',(-0.0371002910328723,-0.0289735227452362,0.001689));
#2522=CARTESIAN_POINT('',(-0.0371002910328723,-0.0327065227452346,-0.00838));
#2523=CARTESIAN_POINT('',(-0.0371002910328723,-0.0321465227452378,-0.00838));
#2524=CARTESIAN_POINT('',(-0.0371002910328723,-0.0321465227452378,-0.00838));
#2525=CARTESIAN_POINT('',(0.0372949589751588,-0.0250965227452678,-0.040005));
#2526=CARTESIAN_POINT('',(0.0372949589751588,-0.0250965227452678,0.001905));
#2527=CARTESIAN_POINT('',(-0.0510405412014805,-0.0250965227452331,-0.040005));
#2528=CARTESIAN_POINT('',(-0.0510405412014805,-0.0250965227452331,0.001905));
#2529=CARTESIAN_POINT('',(0.0332797089671298,-0.0250965227452662,2.000000000002E-6));
#2530=CARTESIAN_POINT('',(0.0332797089671281,-0.0293805227452654,-0.040005));
#2531=CARTESIAN_POINT('',(0.0332797089671281,-0.0293805227452654,0.001905));
#2532=CARTESIAN_POINT('',(0.0332797089671298,-0.0248925227452663,-0.040005));
#2533=CARTESIAN_POINT('',(0.0332797089671298,-0.0248925227452663,0.001905));
#2534=CARTESIAN_POINT('',(0.0332797089671281,-0.0291765227452654,2.000000000002E-6));
#2535=CARTESIAN_POINT('',(0.0365534589671297,-0.0250965227452492,-0.040005));
#2536=CARTESIAN_POINT('',(0.0365534589671297,-0.0250965227452492,0.001905));
#2537=CARTESIAN_POINT('',(0.0474709589671304,-0.0250965227452535,-0.040005));
#2538=CARTESIAN_POINT('',(0.0474709589671304,-0.0250965227452535,0.001905));
#2539=CARTESIAN_POINT('',(0.0330912089671281,-0.0291765227452378,-0.038316));
#2540=CARTESIAN_POINT('',(0.0372382089671281,-0.0291765227452378,-0.038316));
#2541=CARTESIAN_POINT('',(0.0330912089671281,-0.0291765227452378,-0.033564));
#2542=CARTESIAN_POINT('',(0.0372382089671281,-0.0291765227452378,-0.033564));
#2543=CARTESIAN_POINT('',(-0.047525291177395,-0.0245965227452524,-0.03937));
#2544=CARTESIAN_POINT('',(-0.0365252915306802,-0.0245965227452524,-0.03937));
#2545=CARTESIAN_POINT('',(-0.047525291177395,-0.0245965227452524,-0.01143));
#2546=CARTESIAN_POINT('',(-0.0365252915306802,-0.0245965227452524,-0.01143));
#2547=CARTESIAN_POINT('',(-0.0370252915146217,-0.0245965227452524,-0.0127));
#2548=CARTESIAN_POINT('',(-0.0370252915146217,-0.0245965227452524,-0.0127));
#2549=CARTESIAN_POINT('',(-0.044525291273745,-0.0245965227452524,-0.0127));
#2550=CARTESIAN_POINT('',(-0.0370252915146217,-0.0250965227131391,-0.01143));
#2551=CARTESIAN_POINT('',(-0.0370252915146217,-0.0140965234196316,-0.01143));
#2552=CARTESIAN_POINT('',(-0.0370252915146217,-0.0250965227131391,-0.03937));
#2553=CARTESIAN_POINT('',(-0.0370252915146217,-0.0140965234196316,-0.03937));
#2554=CARTESIAN_POINT('',(-0.0370252915146217,-0.0145965233875183,-0.0127));
#2555=CARTESIAN_POINT('',(-0.0370252915146217,-0.0145965233875183,-0.0127));
#2556=CARTESIAN_POINT('',(-0.0370252915146217,-0.0195965230663853,-0.0127));
#2557=CARTESIAN_POINT('',(-0.047525291177395,-0.0145965233875183,-0.03937));
#2558=CARTESIAN_POINT('',(-0.0365252915306802,-0.0145965233875183,-0.03937));
#2559=CARTESIAN_POINT('',(-0.047525291177395,-0.0145965233875183,-0.01143));
#2560=CARTESIAN_POINT('',(-0.0365252915306802,-0.0145965233875183,-0.01143));
#2561=CARTESIAN_POINT('',(-0.0420252913540366,-0.0145965233875183,-0.0127));
#2562=CARTESIAN_POINT('',(-0.0443252913540366,-0.0195965230663853,-0.0127));
#2563=CARTESIAN_POINT('',(-0.0443252913540366,-0.0195965230663853,-0.0381));
#2564=CARTESIAN_POINT('',(-0.0443252913540366,-0.0149965230663854,-0.0127));
#2565=CARTESIAN_POINT('',(-0.0443252913540366,-0.0149965230663853,-0.0381));
#2566=CARTESIAN_POINT('',(-0.0397252913540366,-0.0149965230663854,-0.0127));
#2567=CARTESIAN_POINT('',(-0.0397252913540366,-0.0149965230663853,-0.0381));
#2568=CARTESIAN_POINT('',(-0.0397252913540366,-0.0195965230663853,-0.0127));
#2569=CARTESIAN_POINT('',(-0.0397252913540366,-0.0195965230663853,-0.0381));
#2570=CARTESIAN_POINT('',(-0.0420252913540366,-0.0195965230663853,-0.0127));
#2571=CARTESIAN_POINT('',(-0.0420252913540366,-0.0195965230663853,-0.0381));
#2572=CARTESIAN_POINT('',(-0.047525291177395,-0.0250965227131391,-0.0127));
#2573=CARTESIAN_POINT('',(-0.047525291177395,-0.0140965234196316,-0.0127));
#2574=CARTESIAN_POINT('',(-0.0365252915306802,-0.0250965227131391,-0.0127));
#2575=CARTESIAN_POINT('',(-0.0365252915306802,-0.0140965234196316,-0.0127));
#2576=CARTESIAN_POINT('',(0.0364747096415412,-0.0145965233875483,-0.0382905));
#2577=CARTESIAN_POINT('',(0.0474747089350156,-0.0145965233875483,-0.0382905));
#2578=CARTESIAN_POINT('',(0.0364747096415412,-0.0145965233875483,-0.0340995));
#2579=CARTESIAN_POINT('',(0.0474747089350156,-0.0145965233875483,-0.0340995));
#2580=CARTESIAN_POINT('',(0.0419747092882934,-0.0145965233875483,-0.03429));
#2581=CARTESIAN_POINT('',(0.0364747096415412,-0.0245965227452524,-0.01143));
#2582=CARTESIAN_POINT('',(0.0474747089350156,-0.0245965227452524,-0.01143));
#2583=CARTESIAN_POINT('',(0.0364747096415412,-0.0245965227452524,-0.03937));
#2584=CARTESIAN_POINT('',(0.0474747089350156,-0.0245965227452524,-0.03937));
#2585=CARTESIAN_POINT('',(0.0396747092882934,-0.0195965230663853,-0.0127));
#2586=CARTESIAN_POINT('',(0.0396747092882934,-0.0195965230663853,-0.0381));
#2587=CARTESIAN_POINT('',(0.0396747092882934,-0.0149965230663854,-0.0127));
#2588=CARTESIAN_POINT('',(0.0396747092882934,-0.0149965230663853,-0.0381));
#2589=CARTESIAN_POINT('',(0.0442747092882934,-0.0149965230663854,-0.0127));
#2590=CARTESIAN_POINT('',(0.0442747092882934,-0.0149965230663853,-0.0381));
#2591=CARTESIAN_POINT('',(0.0442747092882934,-0.0195965230663853,-0.0127));
#2592=CARTESIAN_POINT('',(0.0442747092882934,-0.0195965230663853,-0.0381));
#2593=CARTESIAN_POINT('',(0.0419747092882934,-0.0195965230663853,-0.0381));
#2594=CARTESIAN_POINT('',(0.0369747096094564,0.0139034777525237,-0.01143));
#2595=CARTESIAN_POINT('',(0.0369747096094564,0.0249034773992456,-0.01143));
#2596=CARTESIAN_POINT('',(0.0369747096094564,0.0139034777525237,-0.03937));
#2597=CARTESIAN_POINT('',(0.0369747096094564,0.0249034773992456,-0.03937));
#2598=CARTESIAN_POINT('',(0.0369747096094564,0.0144034777364656,-0.0127));
#2599=CARTESIAN_POINT('',(0.0369747096094564,0.0144034777364656,-0.0127));
#2600=CARTESIAN_POINT('',(0.0369747096094564,0.0194034775758847,-0.0127));
#2601=CARTESIAN_POINT('',(0.0364747096415727,0.0144034777364656,-0.01143));
#2602=CARTESIAN_POINT('',(0.0474747089350141,0.0144034777364656,-0.01143));
#2603=CARTESIAN_POINT('',(0.0364747096415727,0.0144034777364656,-0.03937));
#2604=CARTESIAN_POINT('',(0.0474747089350141,0.0144034777364656,-0.03937));
#2605=CARTESIAN_POINT('',(0.0419747092882934,0.0144034777364656,-0.0127));
#2606=CARTESIAN_POINT('',(0.0396747092882934,0.0194034775758847,-0.0127));
#2607=CARTESIAN_POINT('',(0.0396747092882934,0.0194034775758847,-0.0381));
#2608=CARTESIAN_POINT('',(0.0396747092882934,0.0240034775758847,-0.0127));
#2609=CARTESIAN_POINT('',(0.0396747092882934,0.0240034775758847,-0.0381));
#2610=CARTESIAN_POINT('',(0.0442747092882934,0.0240034775758847,-0.0127));
#2611=CARTESIAN_POINT('',(0.0442747092882934,0.0240034775758847,-0.0381));
#2612=CARTESIAN_POINT('',(0.0442747092882934,0.0194034775758847,-0.0127));
#2613=CARTESIAN_POINT('',(0.0442747092882934,0.0194034775758847,-0.0381));
#2614=CARTESIAN_POINT('',(0.0419747092882934,0.0194034775758847,-0.0127));
#2615=CARTESIAN_POINT('',(0.0419747092882934,0.0194034775758847,-0.0381));
#2616=CARTESIAN_POINT('',(0.0364747096415727,0.0139034777525237,-0.0127));
#2617=CARTESIAN_POINT('',(0.0364747096415727,0.0249034773992456,-0.0127));
#2618=CARTESIAN_POINT('',(0.0474747089350141,0.0139034777525237,-0.0127));
#2619=CARTESIAN_POINT('',(0.0474747089350141,0.0249034773992456,-0.0127));
#2620=CARTESIAN_POINT('',(0.0396331658425116,0.0170678088623049,-0.0381));
#2621=CARTESIAN_POINT('',(0.0396331658425116,0.0217490651523507,-0.0381));
#2622=CARTESIAN_POINT('',(0.0443023924499979,0.0170678088623049,-0.0381));
#2623=CARTESIAN_POINT('',(0.0443023924499979,0.0217490651523507,-0.0381));
#2624=CARTESIAN_POINT('',(0.0396331658425116,-0.0219321917799651,-0.0381));
#2625=CARTESIAN_POINT('',(0.0396331658425116,-0.0172509354899193,-0.0381));
#2626=CARTESIAN_POINT('',(0.0443023924499979,-0.0219321917799651,-0.0381));
#2627=CARTESIAN_POINT('',(0.0443023924499979,-0.0172509354899193,-0.0381));
#2628=CARTESIAN_POINT('',(-0.0443668347998184,-0.0219321917799651,-0.0381));
#2629=CARTESIAN_POINT('',(-0.0443668347998184,-0.0172509354899192,-0.0381));
#2630=CARTESIAN_POINT('',(-0.0396976081923321,-0.0219321917799651,-0.0381));
#2631=CARTESIAN_POINT('',(-0.0396976081923321,-0.0172509354899192,-0.0381));
#2632=CARTESIAN_POINT('',(-0.0475252911773929,0.0144034777364656,-0.03937));
#2633=CARTESIAN_POINT('',(-0.0365252915306803,0.0144034777364656,-0.03937));
#2634=CARTESIAN_POINT('',(-0.0475252911773929,0.0144034777364656,-0.01143));
#2635=CARTESIAN_POINT('',(-0.0365252915306803,0.0144034777364656,-0.01143));
#2636=CARTESIAN_POINT('',(-0.0370252915146217,0.0144034777364656,-0.0127));
#2637=CARTESIAN_POINT('',(-0.0370252915146217,0.0144034777364656,-0.0127));
#2638=CARTESIAN_POINT('',(-0.0420252913540366,0.0144034777364656,-0.0127));
#2639=CARTESIAN_POINT('',(-0.0370252915146217,0.0139034777525237,-0.01143));
#2640=CARTESIAN_POINT('',(-0.0370252915146217,0.0249034773992456,-0.01143));
#2641=CARTESIAN_POINT('',(-0.0370252915146217,0.0139034777525237,-0.03937));
#2642=CARTESIAN_POINT('',(-0.0370252915146217,0.0249034773992456,-0.03937));
#2643=CARTESIAN_POINT('',(-0.0370252915146217,0.0194034775758847,-0.0127));
#2644=CARTESIAN_POINT('',(-0.0443252913540366,0.0194034775758847,-0.0127));
#2645=CARTESIAN_POINT('',(-0.0443252913540366,0.0194034775758847,-0.0381));
#2646=CARTESIAN_POINT('',(-0.0443252913540366,0.0240034775758847,-0.0127));
#2647=CARTESIAN_POINT('',(-0.0443252913540366,0.0240034775758847,-0.0381));
#2648=CARTESIAN_POINT('',(-0.0397252913540366,0.0240034775758847,-0.0127));
#2649=CARTESIAN_POINT('',(-0.0397252913540366,0.0240034775758847,-0.0381));
#2650=CARTESIAN_POINT('',(-0.0397252913540366,0.0194034775758847,-0.0127));
#2651=CARTESIAN_POINT('',(-0.0397252913540366,0.0194034775758847,-0.0381));
#2652=CARTESIAN_POINT('',(-0.0420252913540366,0.0194034775758847,-0.0127));
#2653=CARTESIAN_POINT('',(-0.0420252913540366,0.0194034775758847,-0.0381));
#2654=CARTESIAN_POINT('',(-0.0475252911773929,0.0139034777525237,-0.0127));
#2655=CARTESIAN_POINT('',(-0.0475252911773929,0.0249034773992456,-0.0127));
#2656=CARTESIAN_POINT('',(-0.0365252915306803,0.0139034777525237,-0.0127));
#2657=CARTESIAN_POINT('',(-0.0365252915306803,0.0249034773992456,-0.0127));
#2658=CARTESIAN_POINT('',(-0.0443668347998184,0.0170678088623049,-0.0381));
#2659=CARTESIAN_POINT('',(-0.0443668347998184,0.0217490651523507,-0.0381));
#2660=CARTESIAN_POINT('',(-0.0396976081923321,0.0170678088623049,-0.0381));
#2661=CARTESIAN_POINT('',(-0.0396976081923321,0.0217490651523507,-0.0381));
#2662=CARTESIAN_POINT('',(-0.0482252911934534,-0.0317365227452696,-0.00635));
#2663=CARTESIAN_POINT('',(-0.0482252911934534,-0.0317365227452696,4.33680868994202E-19));
#2664=CARTESIAN_POINT('',(-0.0482252911934534,-0.0271365227452696,-0.00635));
#2665=CARTESIAN_POINT('',(-0.0482252911934534,-0.0271365227452696,1.34170018845081E-18));
#2666=CARTESIAN_POINT('',(-0.0528252911934534,-0.0271365227452696,-0.00635));
#2667=CARTESIAN_POINT('',(-0.0528252911934534,-0.0271365227452696,1.34170018845081E-18));
#2668=CARTESIAN_POINT('',(-0.0528252911934534,-0.0317365227452696,-0.00635));
#2669=CARTESIAN_POINT('',(-0.0528252911934534,-0.0317365227452696,4.33680868994202E-19));
#2670=CARTESIAN_POINT('',(-0.0505252911934534,-0.0317365227452696,-0.00635));
#2671=CARTESIAN_POINT('',(-0.0528668346392352,-0.0340821103217357,-0.00635));
#2672=CARTESIAN_POINT('',(-0.0528668346392352,-0.0294008540316898,-0.00635));
#2673=CARTESIAN_POINT('',(-0.0481976080317489,-0.0340821103217357,-0.00635));
#2674=CARTESIAN_POINT('',(-0.0481976080317489,-0.0294008540316898,-0.00635));
#2675=CARTESIAN_POINT('',(0.0528252911934534,-0.0317365227452696,-0.00635));
#2676=CARTESIAN_POINT('',(0.0528252911934534,-0.0317365227452696,4.33680868994202E-19));
#2677=CARTESIAN_POINT('',(0.0528252911934534,-0.0271365227452696,-0.00635));
#2678=CARTESIAN_POINT('',(0.0528252911934534,-0.0271365227452696,1.34170018845081E-18));
#2679=CARTESIAN_POINT('',(0.0482252911934534,-0.0271365227452696,-0.00635));
#2680=CARTESIAN_POINT('',(0.0482252911934534,-0.0271365227452696,1.34170018845081E-18));
#2681=CARTESIAN_POINT('',(0.0482252911934534,-0.0317365227452696,-0.00635));
#2682=CARTESIAN_POINT('',(0.0482252911934534,-0.0317365227452696,4.33680868994202E-19));
#2683=CARTESIAN_POINT('',(0.0505252911934534,-0.0317365227452696,-0.00635));
#2684=CARTESIAN_POINT('',(0.0481976080317489,-0.0340821103217357,-0.00635));
#2685=CARTESIAN_POINT('',(0.0481976080317489,-0.0294008540316898,-0.00635));
#2686=CARTESIAN_POINT('',(0.0528668346392352,-0.0340821103217357,-0.00635));
#2687=CARTESIAN_POINT('',(0.0528668346392352,-0.0294008540316898,-0.00635));
#2688=CARTESIAN_POINT('',(0.0528252911934534,0.0279034774153037,-0.00635));
#2689=CARTESIAN_POINT('',(0.0528252911934534,0.0279034774153037,4.33680868994202E-19));
#2690=CARTESIAN_POINT('',(0.0528252911934534,0.0325034774153037,-0.00635));
#2691=CARTESIAN_POINT('',(0.0528252911934534,0.0325034774153036,1.34170018845081E-18));
#2692=CARTESIAN_POINT('',(0.0482252911934534,0.0325034774153037,-0.00635));
#2693=CARTESIAN_POINT('',(0.0482252911934534,0.0325034774153036,1.34170018845081E-18));
#2694=CARTESIAN_POINT('',(0.0482252911934534,0.0279034774153037,-0.00635));
#2695=CARTESIAN_POINT('',(0.0482252911934534,0.0279034774153037,4.33680868994202E-19));
#2696=CARTESIAN_POINT('',(0.0505252911934534,0.0279034774153037,-0.00635));
#2697=CARTESIAN_POINT('',(0.0481976080317489,0.0255578898388376,-0.00635));
#2698=CARTESIAN_POINT('',(0.0481976080317489,0.0302391461288834,-0.00635));
#2699=CARTESIAN_POINT('',(0.0528668346392352,0.0255578898388376,-0.00635));
#2700=CARTESIAN_POINT('',(0.0528668346392352,0.0302391461288834,-0.00635));
#2701=CARTESIAN_POINT('',(-0.0482252911934534,0.0279034774153037,-0.00635));
#2702=CARTESIAN_POINT('',(-0.0482252911934534,0.0279034774153037,4.33680868994202E-19));
#2703=CARTESIAN_POINT('',(-0.0482252911934534,0.0325034774153037,-0.00635));
#2704=CARTESIAN_POINT('',(-0.0482252911934534,0.0325034774153036,1.34170018845081E-18));
#2705=CARTESIAN_POINT('',(-0.0528252911934534,0.0325034774153037,-0.00635));
#2706=CARTESIAN_POINT('',(-0.0528252911934534,0.0325034774153036,1.34170018845081E-18));
#2707=CARTESIAN_POINT('',(-0.0528252911934534,0.0279034774153037,-0.00635));
#2708=CARTESIAN_POINT('',(-0.0528252911934534,0.0279034774153037,4.33680868994202E-19));
#2709=CARTESIAN_POINT('',(-0.0505252911934534,0.0279034774153037,-0.00635));
#2710=CARTESIAN_POINT('',(-0.0528668346392352,0.0255578898388376,-0.00635));
#2711=CARTESIAN_POINT('',(-0.0528668346392352,0.0302391461288834,-0.00635));
#2712=CARTESIAN_POINT('',(-0.0481976080317489,0.0255578898388376,-0.00635));
#2713=CARTESIAN_POINT('',(-0.0481976080317489,0.0302391461288834,-0.00635));
#2714=CARTESIAN_POINT('',(0.0360747096415412,-0.0146165226649829,-0.03556));
#2715=CARTESIAN_POINT('',(0.0558747089350156,-0.0146165226649829,-0.03556));
#2716=CARTESIAN_POINT('',(0.0360747096415412,-0.0146165226649829,-0.00762));
#2717=CARTESIAN_POINT('',(0.0558747089350156,-0.0146165226649829,-0.00762));
#2718=CARTESIAN_POINT('',(0.0295747089671304,-0.0146165226649829,-0.00889));
#2719=CARTESIAN_POINT('',(0.0295747089671304,-0.0146165226649829,-0.03429));
#2720=CARTESIAN_POINT('',(0.0558747089350156,-0.0149340226649829,-0.03429));
#2721=CARTESIAN_POINT('',(0.0558747089350156,-0.00794902266498293,-0.03429));
#2722=CARTESIAN_POINT('',(0.0360747096415412,-0.0149340226649829,-0.03429));
#2723=CARTESIAN_POINT('',(0.0360747096415412,-0.00794902266498293,-0.03429));
#2724=CARTESIAN_POINT('',(0.0295747089671304,-0.00826652266498293,-0.03429));
#2725=CARTESIAN_POINT('',(0.0465747089671304,-0.00826652266498293,-0.03556));
#2726=CARTESIAN_POINT('',(0.0553747089671304,-0.00826652266498293,-0.03556));
#2727=CARTESIAN_POINT('',(0.0465747089671304,-0.00826652266498293,-0.00762));
#2728=CARTESIAN_POINT('',(0.0553747089671304,-0.00826652266498293,-0.00762));
#2729=CARTESIAN_POINT('',(0.0295747089671304,-0.00826652266498293,-0.00889));
#2730=CARTESIAN_POINT('',(0.0553747089671304,-0.0149340226649829,-0.00889));
#2731=CARTESIAN_POINT('',(0.0553747089671304,-0.00794902266498293,-0.00889));
#2732=CARTESIAN_POINT('',(0.0465747089671304,-0.0149340226649829,-0.00889));
#2733=CARTESIAN_POINT('',(0.0465747089671304,-0.00794902266498293,-0.00889));
#2734=CARTESIAN_POINT('',(0.0465747089671304,0.00411597733501707,-0.03429));
#2735=CARTESIAN_POINT('',(0.0465747089671304,0.0111009773350171,-0.03429));
#2736=CARTESIAN_POINT('',(0.0553747089671304,0.00411597733501707,-0.03429));
#2737=CARTESIAN_POINT('',(0.0553747089671304,0.0111009773350171,-0.03429));
#2738=CARTESIAN_POINT('',(0.0295747089671304,0.00443347733501707,-0.03429));
#2739=CARTESIAN_POINT('',(0.0295747089671304,0.0107834773350171,-0.03429));
#2740=CARTESIAN_POINT('',(0.0465747089671304,0.0107834773350171,-0.03556));
#2741=CARTESIAN_POINT('',(0.0553747089671304,0.0107834773350171,-0.03556));
#2742=CARTESIAN_POINT('',(0.0465747089671304,0.0107834773350171,-0.00762));
#2743=CARTESIAN_POINT('',(0.0553747089671304,0.0107834773350171,-0.00762));
#2744=CARTESIAN_POINT('',(0.0295747089671304,0.0107834773350171,-0.00889));
#2745=CARTESIAN_POINT('',(0.0465747089671304,0.00411597733501707,-0.00889));
#2746=CARTESIAN_POINT('',(0.0465747089671304,0.0111009773350171,-0.00889));
#2747=CARTESIAN_POINT('',(0.0553747089671304,0.00411597733501707,-0.00889));
#2748=CARTESIAN_POINT('',(0.0553747089671304,0.0111009773350171,-0.00889));
#2749=CARTESIAN_POINT('',(0.0295747089671304,0.00443347733501707,-0.00889));
#2750=CARTESIAN_POINT('',(0.0465747089671304,0.00443347733501707,-0.03556));
#2751=CARTESIAN_POINT('',(0.0553747089671304,0.00443347733501707,-0.03556));
#2752=CARTESIAN_POINT('',(0.0465747089671304,0.00443347733501706,-0.00762));
#2753=CARTESIAN_POINT('',(0.0553747089671304,0.00443347733501706,-0.00762));
#2754=CARTESIAN_POINT('',(0.0465747089671304,-0.00540902266498293,-0.03429));
#2755=CARTESIAN_POINT('',(0.0465747089671304,0.00157597733501706,-0.03429));
#2756=CARTESIAN_POINT('',(0.0553747089671304,-0.00540902266498293,-0.03429));
#2757=CARTESIAN_POINT('',(0.0553747089671304,0.00157597733501706,-0.03429));
#2758=CARTESIAN_POINT('',(0.0295747089671304,-0.00509152266498293,-0.03429));
#2759=CARTESIAN_POINT('',(0.0295747089671304,0.00125847733501706,-0.03429));
#2760=CARTESIAN_POINT('',(0.0465747089671304,0.00125847733501706,-0.03556));
#2761=CARTESIAN_POINT('',(0.0553747089671304,0.00125847733501706,-0.03556));
#2762=CARTESIAN_POINT('',(0.0465747089671304,0.00125847733501706,-0.00762));
#2763=CARTESIAN_POINT('',(0.0553747089671304,0.00125847733501706,-0.00762));
#2764=CARTESIAN_POINT('',(0.0295747089671304,0.00125847733501706,-0.00889));
#2765=CARTESIAN_POINT('',(0.0465747089671304,-0.00540902266498293,-0.00889));
#2766=CARTESIAN_POINT('',(0.0465747089671304,0.00157597733501706,-0.00889));
#2767=CARTESIAN_POINT('',(0.0553747089671304,-0.00540902266498293,-0.00889));
#2768=CARTESIAN_POINT('',(0.0553747089671304,0.00157597733501706,-0.00889));
#2769=CARTESIAN_POINT('',(0.0295747089671304,-0.00509152266498293,-0.00889));
#2770=CARTESIAN_POINT('',(0.0465747089671304,-0.00509152266498293,-0.03556));
#2771=CARTESIAN_POINT('',(0.0553747089671304,-0.00509152266498293,-0.03556));
#2772=CARTESIAN_POINT('',(0.0465747089671304,-0.00509152266498293,-0.00762));
#2773=CARTESIAN_POINT('',(0.0553747089671304,-0.00509152266498293,-0.00762));
#2774=CARTESIAN_POINT('',(-0.00699541398777239,0.0240034774153037,-0.02413));
#2775=CARTESIAN_POINT('',(-0.00699541398777239,0.0328034774153037,-0.02413));
#2776=CARTESIAN_POINT('',(0.00697458601222762,0.0240034774153037,-0.02413));
#2777=CARTESIAN_POINT('',(0.00697458601222762,0.0328034774153037,-0.02413));
#2778=CARTESIAN_POINT('',(0.00633958601222762,0.00700347741530366,-0.02413));
#2779=CARTESIAN_POINT('',(-0.00636041398777239,0.00700347741530366,-0.02413));
#2780=CARTESIAN_POINT('',(-0.00636041398777239,0.0240034774153037,-0.024765));
#2781=CARTESIAN_POINT('',(-0.00636041398777239,0.0328034774153037,-0.024765));
#2782=CARTESIAN_POINT('',(-0.00636041398777239,0.0240034774153037,-0.010795));
#2783=CARTESIAN_POINT('',(-0.00636041398777239,0.0328034774153037,-0.010795));
#2784=CARTESIAN_POINT('',(-0.00636041398777239,0.00700347741530366,-0.01143));
#2785=CARTESIAN_POINT('',(-0.00699541398777239,0.0240034774153037,-0.01143));
#2786=CARTESIAN_POINT('',(-0.00699541398777239,0.0328034774153037,-0.01143));
#2787=CARTESIAN_POINT('',(0.00697458601222762,0.0240034774153037,-0.01143));
#2788=CARTESIAN_POINT('',(0.00697458601222762,0.0328034774153037,-0.01143));
#2789=CARTESIAN_POINT('',(0.00633958601222762,0.00700347741530366,-0.01143));
#2790=CARTESIAN_POINT('',(0.00633958601222762,0.0240034774153037,-0.024765));
#2791=CARTESIAN_POINT('',(0.00633958601222762,0.0328034774153037,-0.024765));
#2792=CARTESIAN_POINT('',(0.00633958601222762,0.0240034774153037,-0.010795));
#2793=CARTESIAN_POINT('',(0.00633958601222762,0.0328034774153037,-0.010795));
#2794=CARTESIAN_POINT('',(0.0317496879235464,-0.0362581095417262,-0.034834));
#2795=CARTESIAN_POINT('',(0.0317496879235464,-0.0362581095417262,-0.011646));
#2796=CARTESIAN_POINT('',(0.0317392337787256,-0.0357832000196795,-0.034834));
#2797=CARTESIAN_POINT('',(0.0317392337787256,-0.0357832000196795,-0.011646));
#2798=CARTESIAN_POINT('',(0.0317397089671265,-0.0358047868161362,-0.00838));
#2799=CARTESIAN_POINT('',(0.03731520896713,-0.0356820537864897,-0.034834));
#2800=CARTESIAN_POINT('',(0.03731520896713,-0.0356820537864897,-0.011646));
#2801=CARTESIAN_POINT('',(0.0314742089671263,-0.0358106312461194,-0.034834));
#2802=CARTESIAN_POINT('',(0.0314742089671263,-0.0358106312461194,-0.011646));
#2803=CARTESIAN_POINT('',(-0.030760291032874,-0.036441022745271,-0.00711));
#2804=CARTESIAN_POINT('',(-0.030760291032874,-0.0319420227452388,-0.00711));
#2805=CARTESIAN_POINT('',(-0.030760291032874,-0.036441022745271,-0.03505));
#2806=CARTESIAN_POINT('',(-0.030760291032874,-0.0319420227452388,-0.03505));
#2807=CARTESIAN_POINT('',(-0.0307602910328731,-0.0321465227452402,-0.00838));
#2808=CARTESIAN_POINT('',(-0.0307602910328731,-0.0321465227452402,-0.00838));
#2809=CARTESIAN_POINT('',(-0.030760291032874,-0.0353715227452549,-0.00838));
#2810=CARTESIAN_POINT('',(-0.0374172910328723,-0.0332910227452711,-0.00838));
#2811=CARTESIAN_POINT('',(-0.0374172910328723,-0.0320920227452362,-0.00838));
#2812=CARTESIAN_POINT('',(-0.0304432910328731,-0.0332910227452711,-0.00838));
#2813=CARTESIAN_POINT('',(-0.0304432910328731,-0.0320920227452362,-0.00838));
#2814=CARTESIAN_POINT('',(-0.0339302910328729,-0.032146522745239,-0.00838));
#2815=CARTESIAN_POINT('',(-0.0304432910328731,-0.0321465227452404,-0.03505));
#2816=CARTESIAN_POINT('',(-0.0304432910328731,-0.0321465227452404,-0.00711));
#2817=CARTESIAN_POINT('',(-0.0374172910328723,-0.0321465227452376,-0.03505));
#2818=CARTESIAN_POINT('',(-0.0374172910328723,-0.0321465227452376,-0.00711));
#2819=CARTESIAN_POINT('',(-0.0810602911934534,-0.0396891195941896,-0.0143882616631326));
#2820=CARTESIAN_POINT('',(-0.0810602911934534,0.0362680110820505,-0.0143882616631326));
#2821=CARTESIAN_POINT('',(-0.0670902911934534,-0.0396891195941896,-0.0143882616631326));
#2822=CARTESIAN_POINT('',(-0.0670902911934534,0.0362680110820505,-0.0143882616631326));
#2823=CARTESIAN_POINT('',(-0.0677252911934534,0.0324035736547305,-0.0143882616631326));
#2824=CARTESIAN_POINT('',(-0.0804252911934534,-0.00191652266498294,-0.0143882616631326));
#2825=CARTESIAN_POINT('',(-0.0537552911934534,-0.0396685227532982,-0.0112132616631326));
#2826=CARTESIAN_POINT('',(-0.0537552911934534,0.0358354774233323,-0.0112132616631326));
#2827=CARTESIAN_POINT('',(-0.0816952911934534,-0.0396685227532982,-0.0112132616631326));
#2828=CARTESIAN_POINT('',(-0.0816952911934534,0.0358354774233323,-0.0112132616631326));
#2829=CARTESIAN_POINT('',(-0.0804252911934534,-0.00191652266498292,-0.0112132616631326));
#2830=CARTESIAN_POINT('',(-0.0804252911934534,0.0358354774233323,-0.0145470116631326));
#2831=CARTESIAN_POINT('',(-0.0804252911934534,0.0358354774233323,-0.0110545116631326));
#2832=CARTESIAN_POINT('',(-0.0804252911934534,-0.0396685227532982,-0.0145470116631326));
#2833=CARTESIAN_POINT('',(-0.0804252911934534,-0.0396685227532982,-0.0110545116631326));
#2834=CARTESIAN_POINT('',(-0.0816952911934534,-0.0396685227532982,-0.040005));
#2835=CARTESIAN_POINT('',(-0.0816952911934534,0.0358354774233323,-0.040005));
#2836=CARTESIAN_POINT('',(-0.0537552911934534,-0.0396685227532982,-0.040005));
#2837=CARTESIAN_POINT('',(-0.0537552911934534,0.0358354774233323,-0.040005));
#2838=CARTESIAN_POINT('',(-0.0804252911934534,-0.00191652266498294,-0.040005));
#2839=CARTESIAN_POINT('',(-0.0804252911934534,0.0358354774233323,-0.04333875));
#2840=CARTESIAN_POINT('',(-0.0804252911934534,0.0358354774233323,-0.03984625));
#2841=CARTESIAN_POINT('',(-0.0804252911934534,-0.0396685227532982,-0.04333875));
#2842=CARTESIAN_POINT('',(-0.0804252911934534,-0.0396685227532982,-0.03984625));
#2843=CARTESIAN_POINT('',(-0.0543902911934534,-0.0396685275652697,-0.0277232616631327));
#2844=CARTESIAN_POINT('',(-0.0543902911934534,0.0358355784747305,-0.0277232616631327));
#2845=CARTESIAN_POINT('',(-0.0683602911934534,-0.0396685275652697,-0.0137532616631326));
#2846=CARTESIAN_POINT('',(-0.0683602911934534,0.0358355784747305,-0.0137532616631326));
#2847=CARTESIAN_POINT('',(-0.0613752911934534,0.0324035736547305,-0.0207382616631327));
#2848=CARTESIAN_POINT('',(-0.0575652911934534,-0.0396685275652695,-0.016726866785554));
#2849=CARTESIAN_POINT('',(-0.0575652911934534,0.0358355784747305,-0.016726866785554));
#2850=CARTESIAN_POINT('',(-0.0575652911934534,-0.0396685275652695,-0.0211575540922836));
#2851=CARTESIAN_POINT('',(-0.0575652911934534,0.0358355784747305,-0.0211575540922836));
#2852=CARTESIAN_POINT('',(-0.0575652911934534,0.0324035736547305,-0.0169282616631326));
#2853=CARTESIAN_POINT('',(-0.0575652911934534,0.0324035736547305,-0.0169282616631326));
#2854=CARTESIAN_POINT('',(-0.0575652911934534,0.0324035736547305,-0.0189422104389188));
#2855=CARTESIAN_POINT('',(-0.0575652911934534,0.0324035736547305,-0.020956159214705));
#2856=CARTESIAN_POINT('',(-0.0575652911934534,0.0324035736547305,-0.020956159214705));
#2857=CARTESIAN_POINT('',(-0.0573638963158748,-0.0396685275652697,-0.0211575540922836));
#2858=CARTESIAN_POINT('',(-0.0573638963158748,0.0358355784747305,-0.0211575540922836));
#2859=CARTESIAN_POINT('',(-0.0617945836226044,-0.0396685275652697,-0.016726866785554));
#2860=CARTESIAN_POINT('',(-0.0617945836226044,0.0358355784747305,-0.016726866785554));
#2861=CARTESIAN_POINT('',(-0.0595792399692396,0.0324035736547305,-0.0189422104389188));
#2862=CARTESIAN_POINT('',(-0.0615931887450258,0.0324035736547305,-0.0169282616631326));
#2863=CARTESIAN_POINT('',(-0.0615931887450258,0.0324035736547305,-0.0169282616631326));
#2864=CARTESIAN_POINT('',(-0.0617945836226044,-0.0396685275652695,-0.0169282616631326));
#2865=CARTESIAN_POINT('',(-0.0617945836226044,0.0358355784747305,-0.0169282616631326));
#2866=CARTESIAN_POINT('',(-0.0573638963158748,-0.0396685275652695,-0.0169282616631326));
#2867=CARTESIAN_POINT('',(-0.0573638963158748,0.0358355784747305,-0.0169282616631326));
#2868=CARTESIAN_POINT('',(-0.0595792399692396,0.0324035736547305,-0.0169282616631326));
#2869=CARTESIAN_POINT('',(-0.0684403011934534,0.0324035736547305,-0.0278032716631327));
#2870=CARTESIAN_POINT('',(-0.0684403011934534,0.0324035736547305,-0.0137494516631326));
#2871=CARTESIAN_POINT('',(-0.0543864811934534,0.0324035736547305,-0.0278032716631327));
#2872=CARTESIAN_POINT('',(-0.0543864811934534,0.0324035736547305,-0.0137494516631326));
#2873=MECHANICAL_DESIGN_GEOMETRIC_PRESENTATION_REPRESENTATION('',(#1728),
#2874);
#2874=(
GEOMETRIC_REPRESENTATION_CONTEXT(3)
GLOBAL_UNCERTAINTY_ASSIGNED_CONTEXT((#2875))
GLOBAL_UNIT_ASSIGNED_CONTEXT((#2878,#2877,#2876))
REPRESENTATION_CONTEXT('Bottom case','TOP_LEVEL_ASSEMBLY_PART')
);
#2875=UNCERTAINTY_MEASURE_WITH_UNIT(LENGTH_MEASURE(2.10000000000196E-5),
#2878,'DISTANCE_ACCURACY_VALUE','Maximum Tolerance applied to model');
#2876=(
NAMED_UNIT(*)
SI_UNIT($,.STERADIAN.)
SOLID_ANGLE_UNIT()
);
#2877=(
NAMED_UNIT(*)
PLANE_ANGLE_UNIT()
SI_UNIT($,.RADIAN.)
);
#2878=(
LENGTH_UNIT()
NAMED_UNIT(*)
SI_UNIT($,.METRE.)
);
#2879=PRODUCT_DEFINITION_SHAPE('','',#2880);
#2880=PRODUCT_DEFINITION('','',#2882,#2881);
#2881=PRODUCT_DEFINITION_CONTEXT('',#2888,'design');
#2882=PRODUCT_DEFINITION_FORMATION_WITH_SPECIFIED_SOURCE('','',#2884,
 .NOT_KNOWN.);
#2883=PRODUCT_RELATED_PRODUCT_CATEGORY('','',(#2884));
#2884=PRODUCT('Bottom case','Bottom case','Bottom case',(#2886));
#2885=PRODUCT_CATEGORY('','');
#2886=PRODUCT_CONTEXT('',#2888,'mechanical');
#2887=APPLICATION_PROTOCOL_DEFINITION('international standard',
'ap242_managed_model_based_3d_engineering',2020,#2888);
#2888=APPLICATION_CONTEXT('managed model based 3d engineering');
ENDSEC;
END-ISO-10303-21;
